ticker,cik,name,shares,sic,sic_desc,module,market_cap,adv
A,1090872,"AGILENT TECHNOLOGIES, INC.",281928854,3826,Laboratory Analytical Instruments,software,,
AA,1675149,Alcoa Corp,263909445,3334,Primary Production of  Aluminum,industrials,,
AAL,6201,American Airlines Group Inc.,661969951,4512,"Air Transportation, Scheduled",industrials,,
AAME,8177,ATLANTIC AMERICAN CORP,20397228,6311,Life Insurance,financials,,
AAOI,1158114,"APPLIED OPTOELECTRONICS, INC.",84569237,3674,Semiconductors & Related Devices,software,,
AAON,824142,"AAON, INC.",82453639,3585,Air-Cond & Warm Air Heatg Equip & Comm & Indl Refrig Equip,industrials,,
AAP,1158449,ADVANCE AUTO PARTS INC,60400000,5531,Retail-Auto & Home Supply Stores,consumer,,
AAPL,320193,Apple Inc.,14594180000,3571,Electronic Computers,software,,
AB,825313,ALLIANCEBERNSTEIN HOLDING L.P.,93075219,6282,Investment Advice,consumer,,
ABAT,1576873,AMERICAN BATTERY TECHNOLOGY Co,136414409,1400,Mining & Quarrying of  Nonmetallic Minerals (No Fuels),industrials,,
ABBV,1551152,AbbVie Inc.,1767117285,2834,Pharmaceutical Preparations,healthcare,,
ABCB,351569,Ameris Bancorp,67107239,6022,State Commercial Banks,financials,,
ABEO,318306,ABEONA THERAPEUTICS INC.,57184017,2834,Pharmaceutical Preparations,healthcare,,
ABG,1144980,ASBURY AUTOMOTIVE GROUP INC,17951917,5500,Retail-Auto Dealers & Gasoline Stations,consumer,,
ABT,1800,ABBOTT LABORATORIES,1741812429,2834,Pharmaceutical Preparations,healthcare,,
ABUS,1447028,Arbutus Biopharma Corp,197847835,2834,Pharmaceutical Preparations,healthcare,,
ABVC,1173313,"ABVC BIOPHARMA, INC.",26654365,2834,Pharmaceutical Preparations,healthcare,,
ACA,1739445,"Arcosa, Inc.",49106809,3440,Fabricated Structural Metal Products,industrials,,
ACAD,1070494,ACADIA PHARMACEUTICALS INC,172305518,2834,Pharmaceutical Preparations,healthcare,,
ACCO,712034,ACCO BRANDS Corp,92307568,2780,"Blankbooks, Looseleaf Binders & Bookbindg & Relatd Work",software,,
ACGL,947484,ARCH CAPITAL GROUP LTD.,341229126,6331,"Fire, Marine & Casualty Insurance",financials,,
ACH,75252,ACCENDRA HEALTH INC/VA/,76904704,5047,"Wholesale-Medical, Dental & Hospital Equipment & Supplies",industrials,,
ACHC,1520697,"Acadia Healthcare Company, Inc.",92211777,8093,"Services-Specialty Outpatient Facilities, NEC",healthcare,,
ACHV,949858,"ACHIEVE LIFE SCIENCES, INC.",102902490,2835,In Vitro & In Vivo Diagnostic Substances,healthcare,,
ACI,1646972,"Albertsons Companies, Inc.",485325683,5411,Retail-Grocery Stores,consumer,,
ACIC,1401521,AMERICAN COASTAL INSURANCE Corp,48464047,6331,"Fire, Marine & Casualty Insurance",financials,,
ACIW,935036,"ACI WORLDWIDE, INC.",100955241,7372,Services-Prepackaged Software,software,,
ACLS,1113232,AXCELIS TECHNOLOGIES INC,30881489,3559,"Special Industry Machinery, NEC",industrials,,
ACMR,1680062,"ACM Research, Inc.",14176690,3559,"Special Industry Machinery, NEC",industrials,,
ACNB,715579,ACNB CORP,10169930,6022,State Commercial Banks,financials,,
ACNT,95953,ASCENT INDUSTRIES CO.,9009453,2800,Chemicals & Allied Products,industrials,,
ACRS,1557746,"Aclaris Therapeutics, Inc.",147198893,2834,Pharmaceutical Preparations,healthcare,,
ACTG,934549,ACACIA RESEARCH CORP,97586805,6794,Patent Owners & Lessors,financials,,
ACU,2098,ACME UNITED CORP,3833823,3420,"Cutlery, Handtools & General Hardware",industrials,,
ADBE,796343,ADOBE INC.,397500000,7372,Services-Prepackaged Software,software,,
ADI,6281,ANALOG DEVICES INC,484565465,3674,Semiconductors & Related Devices,software,,
ADM,7084,Archer-Daniels-Midland Co,481959583,2070,Fats & Oils,consumer,,
ADNT,1670541,Adient plc,77096932,3714,Motor Vehicle Parts & Accessories,industrials,,
ADP,8670,AUTOMATIC DATA PROCESSING INC,397262737,7374,Services-Computer Processing & Data Preparation,software,,
ADSK,769397,"Autodesk, Inc.",209000000,7372,Services-Prepackaged Software,software,,
ADTN,926282,"ADTRAN Holdings, Inc.",81481407,3661,Telephone & Telegraph Apparatus,software,,
ADUS,1468328,Addus HomeCare Corp,18674300,8082,Services-Home Health Care Services,healthcare,,
AEHR,1040470,AEHR TEST SYSTEMS,32620450,3825,Instruments For Meas & Testing of  Electricity & Elec Signals,software,,
AEIS,927003,ADVANCED ENERGY INDUSTRIES INC,40050442,3679,"Electronic Components, NEC",software,,
AEMD,882291,AETHLON MEDICAL INC,711136,3841,Surgical & Medical Instruments & Apparatus,healthcare,,
AEO,919012,AMERICAN EAGLE OUTFITTERS INC,167573333,5651,Retail-Family Clothing Stores,consumer,,
AEYE,1362190,AUDIOEYE INC,12569674,7372,Services-Prepackaged Software,software,,
AFG,1042046,AMERICAN FINANCIAL GROUP INC,82921466,6331,"Fire, Marine & Casualty Insurance",financials,,
AFL,4977,AFLAC INC,501343298,6321,Accident & Health Insurance,financials,,
AGCO,880266,AGCO CORP /DE,70031729,3523,Farm Machinery & Equipment,industrials,,
AGIG,1156041,"ABUNDIA GLOBAL IMPACT GROUP, INC.",44150321,1311,Crude Petroleum & Natural Gas,energy,,
AGIO,1439222,"AGIOS PHARMACEUTICALS, INC.",59701882,2834,Pharmaceutical Preparations,healthcare,,
AGM,845877,FEDERAL AGRICULTURAL MORTGAGE CORP,0,6111,Federal & Federally-Sponsored Credit Agencies,financials,,
AGO,1273813,ASSURED GUARANTY LTD,43979208,6351,Surety Insurance,financials,,
AGPU,1446159,Axe Compute Inc.,11591124,6199,Finance Services,consumer,,
AGQ,1415311,ProShares Trust II,131511975,6221,Commodity Contracts Brokers & Dealers,consumer,,
AGX,100591,ARGAN INC,14029842,1700,Construction - Special Trade Contractors,industrials,,
AGYS,78749,AGILYSYS INC,28205788,7373,Services-Computer Integrated Systems Design,software,,
AHL-PD,1267395,ASPEN INSURANCE HOLDINGS LTD,91893366,6331,"Fire, Marine & Casualty Insurance",financials,,
AIFC,862861,AI Financial Corp,139836511,6221,Commodity Contracts Brokers & Dealers,consumer,,
AIFF,803578,"FIREFLY NEUROSCIENCE, INC.",15690316,7372,Services-Prepackaged Software,software,,
AIG,5272,"AMERICAN INTERNATIONAL GROUP, INC.",522893169,6331,"Fire, Marine & Casualty Insurance",financials,,
AIMD,1014763,"Ainos, Inc.",7384073,3577,"Computer Peripheral Equipment, NEC",software,,
AIN,819793,ALBANY INTERNATIONAL CORP /DE/,28400000,2221,"Broadwoven Fabric Mills, Man Made Fiber & Silk",consumer,,
AIR,1750,AAR CORP,39892472,3720,Aircraft & Parts,industrials,,
AIRG,1272842,AIRGAIN INC,13100234,3663,Radio & Tv Broadcasting & Communications Equipment,software,,
AIRI,1009891,AIR INDUSTRIES GROUP,4850658,3728,"Aircraft Parts & Auxiliary Equipment, NEC",industrials,,
AIRT,353184,AIR T INC,2681748,4513,Air Courier Services,industrials,,
AIT,109563,APPLIED INDUSTRIAL TECHNOLOGIES INC,36698856,5080,"Wholesale-Machinery, Equipment & Supplies",industrials,,
AIXC,1460702,"AIxCrypto Holdings, Inc.",20234993,6199,Finance Services,consumer,,
AIZ,1267238,"ASSURANT, INC.",49323767,6399,"Insurance Carriers, NEC",financials,,
AJG,354190,Arthur J. Gallagher & Co.,256300000,6411,"Insurance Agents, Brokers & Service",consumer,,
AKBA,1517022,"Akebia Therapeutics, Inc.",277106245,2834,Pharmaceutical Preparations,healthcare,,
ALB,915913,ALBEMARLE CORP,118005057,2821,"Plastic Materials, Synth Resins & Nonvulcan Elastomers",industrials,,
ALDX,1341235,"Aldeyra Therapeutics, Inc.",60326421,2834,Pharmaceutical Preparations,healthcare,,
ALG,897077,ALAMO GROUP INC,12170965,3523,Farm Machinery & Equipment,industrials,,
ALGN,1097149,ALIGN TECHNOLOGY INC,71039852,3842,"Orthopedic, Prosthetic & Surgical Appliances & Supplies",healthcare,,
ALGT,1362468,Allegiant Travel CO,27337755,4512,"Air Transportation, Scheduled",industrials,,
ALK,766421,"ALASKA AIR GROUP, INC.",111603120,4512,"Air Transportation, Scheduled",industrials,,
ALKS,1520262,Alkermes plc.,167763272,2834,Pharmaceutical Preparations,healthcare,,
ALL,899051,ALLSTATE CORP,252857950,6331,"Fire, Marine & Casualty Insurance",financials,,
ALLY,40729,Ally Financial Inc.,304199693,6022,State Commercial Banks,financials,,
ALNT,46129,ALLIENT INC,17002511,3825,Instruments For Meas & Testing of  Electricity & Elec Signals,software,,
ALNY,1178670,"ALNYLAM PHARMACEUTICALS, INC.",133809118,2834,Pharmaceutical Preparations,healthcare,,
ALOY,1567900,REALLOYS INC.,68987642,1000,Metal Mining,industrials,,
ALRM,1459200,"Alarm.com Holdings, Inc.",49090228,7372,Services-Prepackaged Software,software,,
ALSN,1411207,Allison Transmission Holdings Inc,82578038,3714,Motor Vehicle Parts & Accessories,industrials,,
ALT,1326190,"Altimmune, Inc.",194517701,2834,Pharmaceutical Preparations,healthcare,,
ALTO,778164,"Alto Ingredients, Inc.",77567564,2860,Industrial Organic Chemicals,industrials,,
ALV,1034670,AUTOLIV INC,73237217,3714,Motor Vehicle Parts & Accessories,industrials,,
AMAT,6951,APPLIED MATERIALS INC /DE,793597443,3674,Semiconductors & Related Devices,software,,
AMBA,1280263,AMBARELLA INC,44140971,3674,Semiconductors & Related Devices,software,,
AMCR,1748790,Amcor plc,462345690,3990,Miscellaneous Manufacturing Industries,industrials,,
AMCX,1514991,AMC Global Media Inc.,0,4841,Cable & Other Pay Television Services,software,,
AMD,2488,ADVANCED MICRO DEVICES INC,1632475042,3674,Semiconductors & Related Devices,software,,
AME,1037868,AMETEK INC/,229261244,3823,"Industrial Instruments For Measurement, Display, and Control",software,,
AMG,1004434,"AFFILIATED MANAGERS GROUP, INC.",25859933,6282,Investment Advice,consumer,,
JPM,19617,JPMORGAN CHASE & CO,2658186195,6021,National Commercial Banks,financials,,
AMKR,1047127,"AMKOR TECHNOLOGY, INC.",247872518,3674,Semiconductors & Related Devices,software,,
AMP,820027,AMERIPRISE FINANCIAL INC,88333219,6282,Investment Advice,consumer,,
AMPG,1518461,"AmpliTech Group, Inc.",30043887,3669,"Communications Equipment, NEC",software,,
AMPH,1297184,"Amphastar Pharmaceuticals, Inc.",42537944,2834,Pharmaceutical Preparations,healthcare,,
AMPY,1533924,Amplify Energy Corp.,41456450,1311,Crude Petroleum & Natural Gas,energy,,
AMRC,1488139,"Ameresco, Inc.",0,1700,Construction - Special Trade Contractors,industrials,,
AMRN,897448,AMARIN CORP PLC\UK,380694,2834,Pharmaceutical Preparations,healthcare,,
AMRX,1723128,"Amneal Pharmaceuticals, Inc.",319353919,2834,Pharmaceutical Preparations,healthcare,,
AMS,744825,AMERICAN SHARED HOSPITAL SERVICES,6650000,8071,Services-Medical Laboratories,healthcare,,
AMSC,880807,AMERICAN SUPERCONDUCTOR CORP /DE/,48442143,3621,Motors & Generators,industrials,,
AMSF,1018979,AMERISAFE INC,18536058,6331,"Fire, Marine & Casualty Insurance",financials,,
AMTB,1734342,Amerant Bancorp Inc.,39189858,6021,National Commercial Banks,financials,,
AMTX,738214,"AEMETIS, INC",72169594,2860,Industrial Organic Chemicals,industrials,,
AMZN,1018724,AMAZON COM INC,10786313572,5961,Retail-Catalog & Mail-Order Houses,consumer,,
AN,350698,"AUTONATION, INC.",33060806,5500,Retail-Auto Dealers & Gasoline Stations,consumer,,
ANAB,1370053,"ANAPTYSBIO, INC",29100902,2834,Pharmaceutical Preparations,healthcare,,
ANDE,821026,"Andersons, Inc.",33975570,5150,Wholesale-Farm Product Raw Materials,industrials,,
ANET,1596532,"Arista Networks, Inc.",1261224648,3576,Computer Communications Equipment,software,,
ANF,1018840,ABERCROMBIE & FITCH CO /DE/,42434377,5651,Retail-Family Clothing Stores,consumer,,
ANG-PD,1039828,American National Group Inc.,10000,6311,Life Insurance,financials,,
ANGO,1275187,ANGIODYNAMICS INC,41332389,3841,Surgical & Medical Instruments & Apparatus,healthcare,,
ANIK,898437,"Anika Therapeutics, Inc.",13382966,3841,Surgical & Medical Instruments & Apparatus,healthcare,,
ANIP,1023024,ANI PHARMACEUTICALS INC,24422240,2834,Pharmaceutical Preparations,healthcare,,
ANIX,715446,Anixa Biosciences Inc,34023063,2834,Pharmaceutical Preparations,healthcare,,
AON,315293,Aon plc,212125434,6411,"Insurance Agents, Brokers & Service",consumer,,
AORT,784199,"ARTIVION, INC.",48756221,3841,Surgical & Medical Instruments & Apparatus,healthcare,,
AOS,91142,SMITH A O CORP,75732188,3630,Household Appliances,industrials,,
AOSL,1387467,ALPHA & OMEGA SEMICONDUCTOR Ltd,30259255,3674,Semiconductors & Related Devices,software,,
AP,6176,AMPCO PITTSBURGH CORP,20658621,3561,Pumps & Pumping Equipment,industrials,,
APAM,1517302,Artisan Partners Asset Management Inc.,0,6282,Investment Advice,consumer,,
APD,2969,"Air Products & Chemicals, Inc.",222685530,2810,Industrial Inorganic Chemicals,industrials,,
APH,820313,AMPHENOL CORP /DE/,1232983457,3678,Electronic Connectors,software,,
APOG,6845,"APOGEE ENTERPRISES, INC.",20868294,3231,"Glass Products, Made of  Purchased Glass",industrials,,
APPF,1433195,APPFOLIO INC,0,7372,Services-Prepackaged Software,software,,
APPN,1441683,APPIAN CORP,0,7372,Services-Prepackaged Software,software,,
APPS,317788,"Digital Turbine, Inc.",121016250,6794,Patent Owners & Lessors,financials,,
APT,884269,ALPHA PRO TECH LTD,10206218,3842,"Orthopedic, Prosthetic & Surgical Appliances & Supplies",healthcare,,
APTV,1521332,Aptiv PLC,207633331,3714,Motor Vehicle Parts & Accessories,industrials,,
APVO,1671584,Aptevo Therapeutics Inc.,1801970,2834,Pharmaceutical Preparations,healthcare,,
APYX,719135,Apyx Medical Corp,42124023,3841,Surgical & Medical Instruments & Apparatus,healthcare,,
AQMS,1621832,"Aqua Metals, Inc.",3563531,3341,Secondary Smelting & Refining of  Nonferrous Metals,industrials,,
AR,1433270,ANTERO RESOURCES Corp,307439000,1311,Crude Petroleum & Natural Gas,energy,,
ARAY,1138723,ACCURAY INC,119439307,3841,Surgical & Medical Instruments & Apparatus,healthcare,,
ARCB,894405,ARCBEST CORP /TX/,22351354,4213,Trucking (No Local),industrials,,
ARDX,1437402,"ARDELYX, INC.",249187572,2834,Pharmaceutical Preparations,healthcare,,
AREC,1590715,American Resources Corp,106971272,1220,Silver Ores,energy,,
AREN,894871,"Arena Group Holdings, Inc.",47610653,4841,Cable & Other Pay Television Services,software,,
ARES,1176948,Ares Management Corp,103332418,6282,Investment Advice,consumer,,
ARKR,779544,ARK RESTAURANTS CORP,3606157,5812,Retail-Eating  Places,consumer,,
ARLP,1086600,ALLIANCE RESOURCE PARTNERS LP,128658801,1221,Bituminous Coal & Lignite Surface Mining,energy,,
ARMK,1584509,Aramark,263625044,5812,Retail-Eating  Places,consumer,,
AROW,717538,ARROW FINANCIAL CORP,18523723,6021,National Commercial Banks,financials,,
ARQ,1515156,"Arq, Inc.",43668483,2890,Miscellaneous Chemical Products,industrials,,
ARTL,1621221,"ARTELO BIOSCIENCES, INC.",4595068,2834,Pharmaceutical Preparations,healthcare,,
ARTW,7623,ARTS WAY MANUFACTURING CO INC,5201386,3523,Farm Machinery & Equipment,industrials,,
ARW,7536,"ARROW ELECTRONICS, INC.",50905423,5065,"Wholesale-Electronic Parts & Equipment, NEC",industrials,,
ARWR,879407,"ARROWHEAD PHARMACEUTICALS, INC.",141254467,2834,Pharmaceutical Preparations,healthcare,,
ASB,7789,ASSOCIATED BANC-CORP,188849659,6022,State Commercial Banks,financials,,
ASH,1674862,ASHLAND INC.,45793370,5160,Wholesale-Chemicals & Allied Products,industrials,,
ASIX,1673985,AdvanSix Inc.,27001186,2821,"Plastic Materials, Synth Resins & Nonvulcan Elastomers",industrials,,
ASMB,1426800,"ASSEMBLY BIOSCIENCES, INC.",20360596,2834,Pharmaceutical Preparations,healthcare,,
ASPN,1145986,ASPEN AEROGELS INC,82988784,5030,Wholesale-Lumber & Other Construction Materials,industrials,,
ASRV,707605,AMERISERV FINANCIAL INC /PA/,16979267,6021,National Commercial Banks,financials,,
ASTC,1001907,ASTROTECH Corp,1758953,3826,Laboratory Analytical Instruments,software,,
ASTE,792987,ASTEC INDUSTRIES INC,23025367,3531,Construction Machinery & Equip,industrials,,
ASTI,1350102,"Ascent Solar Technologies, Inc.",9816431,3674,Semiconductors & Related Devices,software,,
ASUR,884144,ASURE SOFTWARE INC,28879328,7373,Services-Computer Integrated Systems Design,software,,
ASYS,720500,AMTECH SYSTEMS INC,17508101,3559,"Special Industry Machinery, NEC",industrials,,
ATEC,1350653,"Alphatec Holdings, Inc.",154451076,3841,Surgical & Medical Instruments & Apparatus,healthcare,,
ATEN,1580808,"A10 Networks, Inc.",72609021,3576,Computer Communications Equipment,software,,
ATHS,1527469,Athene Holding Ltd.,203805,6311,Life Insurance,financials,,
ATI,1018963,ATI INC,136170383,3317,Steel Pipe & Tubes,industrials,,
ATKR,1666138,Atkore Inc.,33772550,3690,"Miscellaneous Electrical Machinery, Equipment & Supplies",industrials,,
ATLC,1464343,Atlanticus Holdings Corp,15170038,6141,Personal Credit Institutions,financials,,
ATLO,1132651,AMES NATIONAL CORP,8857220,6021,National Commercial Banks,financials,,
ATLX,1540684,Atlas Lithium Corp,30099805,1400,Mining & Quarrying of  Nonmetallic Minerals (No Fuels),industrials,,
ATNM,1388320,"Actinium Pharmaceuticals, Inc.",31441436,2834,Pharmaceutical Preparations,healthcare,,
ATOM,1420520,Atomera Inc,39024042,3674,Semiconductors & Related Devices,software,,
ATOS,1488039,"ATOSSA THERAPEUTICS, INC.",9979298,2834,Pharmaceutical Preparations,healthcare,,
ATR,896622,"APTARGROUP, INC.",63581129,3089,"Plastics Products, NEC",industrials,,
ATRC,1323885,"AtriCure, Inc.",50866294,3841,Surgical & Medical Instruments & Apparatus,healthcare,,
ATRO,8063,ASTRONICS CORP,32282681,3728,"Aircraft Parts & Auxiliary Equipment, NEC",industrials,,
AUB,883948,Atlantic Union Bankshares Corp,142814896,6022,State Commercial Banks,financials,,
AUBN,750574,"AUBURN NATIONAL BANCORPORATION, INC",3484292,6022,State Commercial Banks,financials,,
AUID,1534154,authID Inc.,16720339,7372,Services-Prepackaged Software,software,,
AVAV,1368622,AeroVironment Inc,50608030,3721,Aircraft,industrials,,
AVD,5981,AMERICAN VANGUARD CORP,29500632,2870,Agricultural Chemicals,industrials,,
AVGO,1730168,Broadcom Inc.,4757580198,3674,Semiconductors & Related Devices,software,,
AVNT,1122976,AVIENT CORP,91719550,2821,"Plastic Materials, Synth Resins & Nonvulcan Elastomers",industrials,,
AVNW,1377789,"AVIAT NETWORKS, INC.",12801539,3663,Radio & Tv Broadcasting & Communications Equipment,software,,
AVT,8858,AVNET INC,82072979,5065,"Wholesale-Electronic Parts & Equipment, NEC",industrials,,
AVTX,1534120,"Avalo Therapeutics, Inc.",53629989,2834,Pharmaceutical Preparations,healthcare,,
AVY,8818,Avery Dennison Corp,75788142,2670,Converted Paper & Paperboard Prods (No Contaners/Boxes),industrials,,
AWI,7431,ARMSTRONG WORLD INDUSTRIES INC,42262826,3089,"Plastics Products, NEC",industrials,,
AWRE,1015739,AWARE INC /MA/,21812637,7372,Services-Prepackaged Software,software,,
AX,1299709,"Axos Financial, Inc.",56734842,6035,"Savings Institution, Federally Chartered",financials,,
AXGN,805928,"Axogen, Inc.",53761513,3845,Electromedical & Electrotherapeutic Apparatus,healthcare,,
AXIL,1718500,"Axil Brands, Inc.",6822681,2844,"Perfumes, Cosmetics & Other Toilet Preparations",consumer,,
AXON,1069183,"AXON ENTERPRISE, INC.",81237415,3480,"Ordnance & Accessories, (No Vehicles/Guided Missiles)",industrials,,
AXP,4962,AMERICAN EXPRESS CO,675309833,6199,Finance Services,consumer,,
AXS,1214816,AXIS CAPITAL HOLDINGS LTD,73723236,6331,"Fire, Marine & Casualty Insurance",financials,,
AXSM,1579428,"Axsome Therapeutics, Inc.",52380818,2834,Pharmaceutical Preparations,healthcare,,
AXTA,1616862,Axalta Coating Systems Ltd.,214018768,2851,"Paints, Varnishes, Lacquers, Enamels & Allied Prods",industrials,,
AXTI,1051627,AXT INC,65573212,3674,Semiconductors & Related Devices,software,,
AYI,1144215,ACUITY INC. (DE),29935547,3640,Electric Lighting & Wiring Equipment,industrials,,
AYTU,1385818,"AYTU BIOPHARMA, INC",10733208,2834,Pharmaceutical Preparations,healthcare,,
AZIO,1563568,"AZIO AI HOLDINGS, INC.",16467848,3714,Motor Vehicle Parts & Accessories,industrials,,
AZO,866787,AUTOZONE INC,16325355,5531,Retail-Auto & Home Supply Stores,consumer,,
AZTA,933974,"Azenta, Inc.",43808393,3559,"Special Industry Machinery, NEC",industrials,,
AZZ,8947,AZZ INC,30051501,3470,"Coating, Engraving & Allied Services",industrials,,
BA,12927,BOEING CO,790370020,3721,Aircraft,industrials,,
BAC,70858,BANK OF AMERICA CORP /DE/,6992748365,6021,National Commercial Banks,financials,,
BALL,9389,BALL Corp,264703357,3411,Metal Cans,industrials,,
BANC,1169770,"BANC OF CALIFORNIA, INC.",157950529,6021,National Commercial Banks,financials,,
BAND,1514416,Bandwidth Inc.,0,7372,Services-Prepackaged Software,software,,
BANF,760498,BANCFIRST CORP /OK/,33598745,6021,National Commercial Banks,financials,,
BANR,946673,BANNER CORP,33984909,6022,State Commercial Banks,financials,,
BATL,1282648,BATTALION OIL CORP,57282155,1311,Crude Petroleum & Natural Gas,energy,,
BAX,10456,BAXTER INTERNATIONAL INC,516995999,3841,Surgical & Medical Instruments & Apparatus,healthcare,,
NXH,1130713,"NEIGHBORHOOD INTELLIGENCE, INC.",95330379,5961,Retail-Catalog & Mail-Order Houses,consumer,,
BBGI,1099160,BEASLEY BROADCAST GROUP INC,0,4832,Radio Broadcasting Stations,software,,
BBLG,1419554,Bone Biologics Corp,2756057,3842,"Orthopedic, Prosthetic & Surgical Appliances & Supplies",healthcare,,
BBT,1108134,Beacon Financial Corp,83816086,6036,"Savings Institutions, Not Federally Chartered",financials,,
BBW,1113809,BUILD-A-BEAR WORKSHOP INC,12537443,5945,"Retail-Hobby, Toy & Game Shops",consumer,,
BBWI,701985,"Bath & Body Works, Inc.",201645313,5990,"Retail-Retail Stores, NEC",consumer,,
BBY,764478,BEST BUY CO INC,209727698,5731,"Retail-Radio, Tv & Consumer Electronics Stores",consumer,,
BC,14930,BRUNSWICK CORP,64797428,3510,Engines & Turbines,industrials,,
BCBP,1228454,BCB BANCORP INC,18101822,6035,"Savings Institution, Federally Chartered",financials,,
BCC,1328581,BOISE CASCADE Co,34891351,5030,Wholesale-Lumber & Other Construction Materials,industrials,,
BCHT,728385,Birchtech Corp.,26305966,3829,"Measuring & Controlling Devices, NEC",industrials,,
BCML,1730984,BayCom Corp,10920117,6022,State Commercial Banks,financials,,
BCO,78890,BRINKS CO,41189634,4731,Arrangement of  Transportation of  Freight & Cargo,industrials,,
BCPC,9326,BALCHEM CORP,31878021,2800,Chemicals & Allied Products,industrials,,
BDC,913142,BELDEN INC.,39078191,3357,Drawing & Insulating of  Nonferrous Wire,industrials,,
BDL,12040,FLANIGANS ENTERPRISES INC,1858647,5812,Retail-Eating  Places,consumer,,
BDX,10795,BECTON DICKINSON & CO,272386800,3841,Surgical & Medical Instruments & Apparatus,healthcare,,
BE,1664703,Bloom Energy Corp,284443868,3620,Electrical Industrial Apparatus,industrials,,
BEEM,1398805,Beam Global,22633315,3690,"Miscellaneous Electrical Machinery, Equipment & Supplies",industrials,,
ONC,1651308,BeOne Medicines Ltd.,1478124405,2834,Pharmaceutical Preparations,healthcare,,
BELFA,729580,BEL FUSE INC /NJ,2174912,3677,"Electronic Coils, Transformers & Other Inductors",software,,
BEN,38777,FRANKLIN TEMPLETON INC,508076910,6282,Investment Advice,consumer,,
BF-A,14693,BROWN FORMAN CORP,0,2080,Beverages,consumer,,
BFC,1746109,Bank First Corp,11085607,6021,National Commercial Banks,financials,,
BFH,1101215,"BREAD FINANCIAL HOLDINGS, INC.",38419268,6141,Personal Credit Institutions,financials,,
BFST,1624322,"Business First Bancshares, Inc.",32549883,6022,State Commercial Banks,financials,,
BGC,1094831,"BGC Group, Inc.",0,6200,"Security & Commodity Brokers, Dealers, Exchanges & Services",consumer,,
BGDE,1218683,"Big Digital Energy, Inc.",5664339,6199,Finance Services,consumer,,
BGMS,1130166,"Bio Green Med Solution, Inc.",6622794,5099,"Wholesale-Durable Goods, NEC",industrials,,
BGS,1278027,"B&G Foods, Inc.",81275671,2000,Food and Kindred Products,consumer,,
BH,1726173,Biglari Holdings Inc.,206864,5812,Retail-Eating  Places,consumer,,
BHB,743367,BAR HARBOR BANKSHARES,16766080,6022,State Commercial Banks,financials,,
BHC,885590,Bausch Health Companies Inc.,373990561,2834,Pharmaceutical Preparations,healthcare,,
BHE,863436,BENCHMARK ELECTRONICS INC,35919933,3672,Printed Circuit Boards,software,,
BHF,1685040,"Brighthouse Financial, Inc.",57511563,6311,Life Insurance,financials,,
BIO,12208,"BIO-RAD LABORATORIES, INC.",27668031,3826,Laboratory Analytical Instruments,software,,
BIVI,1580149,BIOVIE INC.,7542638,2834,Pharmaceutical Preparations,healthcare,,
BJ,1531152,"BJ's Wholesale Club Holdings, Inc.",126314692,5331,Retail-Variety Stores,consumer,,
BJRI,1013488,BJs RESTAURANTS INC,21273765,5812,Retail-Eating  Places,consumer,,
BKD,1332349,Brookdale Senior Living Inc.,238817252,8050,Services-Nursing & Personal Care Facilities,healthcare,,
BKE,885245,BUCKLE INC,51518086,5651,Retail-Family Clothing Stores,consumer,,
BKNG,1075531,Booking Holdings Inc.,751380500,4700,Transportation Services,industrials,,
BKR,1701605,Baker Hughes Co,992674071,3533,Oil & Gas Field Machinery & Equipment,industrials,,
BKTI,2186,BK Technologies Corp,3769389,3663,Radio & Tv Broadcasting & Communications Equipment,software,,
BKU,1504008,"BankUnited, Inc.",71232249,6035,"Savings Institution, Federally Chartered",financials,,
BKYI,1019034,BIO KEY INTERNATIONAL INC,1436344,7372,Services-Prepackaged Software,software,,
BL,1666134,"BLACKLINE, INC.",58125270,7372,Services-Prepackaged Software,software,,
BLBD,1589526,Blue Bird Corp,31676039,3713,Truck & Bus Bodies,industrials,,
BLDR,1316835,"Builders FirstSource, Inc.",107596457,5211,Retail-Lumber & Other Building Materials Dealers,consumer,,
BLFS,834365,BIOLIFE SOLUTIONS INC,48906704,3845,Electromedical & Electrotherapeutic Apparatus,healthcare,,
BLIN,1378590,"Bridgeline Digital, Inc.",12599879,7372,Services-Prepackaged Software,software,,
BLKB,1280058,BLACKBAUD INC,45390097,7372,Services-Prepackaged Software,software,,
BLMN,1546417,"Bloomin' Brands, Inc.",85620917,5812,Retail-Eating  Places,consumer,,
BLNE,1534708,"Beeline Holdings, Inc.",32928148,6162,Mortgage Bankers & Loan Correspondents,financials,,
BLNK,1429764,Blink Charging Co.,144938716,3690,"Miscellaneous Electrical Machinery, Equipment & Supplies",industrials,,
BMI,9092,BADGER METER INC,28986847,3824,Totalizing Fluid Meters & Counting Devices,software,,
BMRA,73290,BIOMERICA INC,4588968,2835,In Vitro & In Vivo Diagnostic Substances,healthcare,,
BMRC,1403475,Bank of Marin Bancorp,16194248,6022,State Commercial Banks,financials,,
BMRN,1048477,BIOMARIN PHARMACEUTICAL INC,193573759,2834,Pharmaceutical Preparations,healthcare,,
BMY,14272,BRISTOL MYERS SQUIBB CO,2042714656,2834,Pharmaceutical Preparations,healthcare,,
BNED,1634117,"Barnes & Noble Education, Inc.",34664980,5940,Retail-Miscellaneous Shopping Goods Stores,consumer,,
BNO,1472494,"United States Brent Oil Fund, LP",12400000,6221,Commodity Contracts Brokers & Dealers,consumer,,
BNY,1390777,Bank of New York Mellon Corp,678504142,6022,State Commercial Banks,financials,,
BOH,46195,BANK OF HAWAII CORP,39450396,6022,State Commercial Banks,financials,,
BOKF,875357,BOK FINANCIAL CORP,60766867,6021,National Commercial Banks,financials,,
BOOM,34067,DMC Global Inc.,20540949,3390,Miscellaneous Primary Metal Products,industrials,,
BOOT,1610250,"Boot Barn Holdings, Inc.",30284844,5661,Retail-Shoe Stores,consumer,,
BOTJ,1275101,BANK OF THE JAMES FINANCIAL GROUP INC,4543338,6022,State Commercial Banks,financials,,
BOX,1372612,BOX INC,137200773,7372,Services-Prepackaged Software,software,,
BPOP,763901,"POPULAR, INC.",63778501,6022,State Commercial Banks,financials,,
BRC,746598,BRADY CORP,0,3990,Miscellaneous Manufacturing Industries,industrials,,
BRFH,1487197,BARFRESH FOOD GROUP INC.,16308172,2030,"Canned, Frozen & Preservd Fruit, Veg & Food Specialties",consumer,,
BRID,14177,BRIDGFORD FOODS CORP,9076832,2013,Sausages & Other Prepared Meat Products,consumer,,
BRK-A,1067983,BERKSHIRE HATHAWAY INC,941481,6331,"Fire, Marine & Casualty Insurance",financials,,
BRKR,1109354,BRUKER CORP,151719365,3826,Laboratory Analytical Instruments,software,,
BRN,10048,BARNWELL INDUSTRIES INC,14434310,1311,Crude Petroleum & Natural Gas,energy,,
BRO,79282,"BROWN & BROWN, INC.",334610357,6411,"Insurance Agents, Brokers & Service",consumer,,
BRTX,1505497,"BioRestorative Therapies, Inc.",25478170,8090,"Services-Misc Health & Allied Services, NEC",healthcare,,
BSET,10329,BASSETT FURNITURE INDUSTRIES INC,8658269,2511,"Wood Household Furniture, (No Upholstered)",industrials,,
BSIN,101594,BIG SKY INDUSTRIAL INC.,52493428,1311,Crude Petroleum & Natural Gas,energy,,
BSM,1621434,"Black Stone Minerals, L.P.",0,1311,Crude Petroleum & Natural Gas,energy,,
XYZ,1512673,"Block, Inc.",0,7372,Services-Prepackaged Software,software,,
BSRR,1130144,SIERRA BANCORP,12963397,6022,State Commercial Banks,financials,,
BSVN,1746129,Bank7 Corp.,9525856,6022,State Commercial Banks,financials,,
BSX,885725,BOSTON SCIENTIFIC CORP,1449229526,3841,Surgical & Medical Instruments & Apparatus,healthcare,,
BTCS,1436229,BTCS Inc.,52471941,6199,Finance Services,consumer,,
BTU,1064728,PEABODY ENERGY CORP,121900000,1221,Bituminous Coal & Lignite Surface Mining,energy,,
BURL,1579298,"Burlington Stores, Inc.",62815195,5311,Retail-Department Stores,consumer,,
BUSE,314489,FIRST BUSEY CORP /NV/,82576956,6022,State Commercial Banks,financials,,
BW,1630805,"Babcock & Wilcox Enterprises, Inc.",148965066,3433,"Heating Equipment, Except Electric & Warm Air Furnaces",industrials,,
BWA,908255,BORGWARNER INC,203666354,3714,Motor Vehicle Parts & Accessories,industrials,,
BWB,1341317,Bridgewater Bancshares Inc,27883823,6022,State Commercial Banks,financials,,
BWEN,1120370,"BROADWIND, INC.",23657373,3360,Nonferrous Foundries (Castings),industrials,,
BWFG,1505732,"Bankwell Financial Group, Inc.",7971972,6022,State Commercial Banks,financials,,
BWXT,1486957,"BWX Technologies, Inc.",91621980,3510,Engines & Turbines,industrials,,
BX,1393818,Blackstone Inc.,750625114,6282,Investment Advice,consumer,,
BXC,1301787,BlueLinx Holdings Inc.,7860217,5031,"Wholesale-Lumber, Plywood, Millwork & Wood Panels",industrials,,
BY,1702750,"BYLINE BANCORP, INC.",45186420,6022,State Commercial Banks,financials,,
BYD,906553,BOYD GAMING CORP,72655414,7011,Hotels & Motels,consumer,,
BYFC,1001171,BROADWAY FINANCIAL CORP DE,6145451,6035,"Savings Institution, Federally Chartered",financials,,
BYRN,1354866,Byrna Technologies Inc.,22693356,3690,"Miscellaneous Electrical Machinery, Equipment & Supplies",industrials,,
BZH,915840,BEAZER HOMES USA INC,26679623,1531,Operative Builders,industrials,,
C,831001,CITIGROUP INC,1749319009,6021,National Commercial Banks,financials,,
CABO,1632127,"Cable One, Inc.",5673925,4841,Cable & Other Pay Television Services,software,,
CAC,750686,CAMDEN NATIONAL CORP,16897049,6021,National Commercial Banks,financials,,
CACC,885550,CREDIT ACCEPTANCE CORP,10380580,6141,Personal Credit Institutions,financials,,
CACI,16058,CACI INTERNATIONAL INC /DE/,22099539,7373,Services-Computer Integrated Systems Design,software,,
CAG,23217,CONAGRA BRANDS INC.,478565642,2000,Food and Kindred Products,consumer,,
CAH,721371,CARDINAL HEALTH INC,232575728,5122,"Wholesale-Drugs, Proprietaries & Druggists' Sundries",industrials,,
CAKE,887596,CHEESECAKE FACTORY INC,49760634,5812,Retail-Eating  Places,consumer,,
CAL,14707,CALERES INC,33589744,3140,"Footwear, (No Rubber)",consumer,,
CALY,837465,Callaway Golf Co,178510521,3949,"Sporting & Athletic Goods, NEC",industrials,,
CAPL,1538849,CrossAmerica Partners LP,38173255,5172,Wholesale-Petroleum & Petroleum Products (No Bulk Stations),industrials,,
CAPR,1133869,"CAPRICOR THERAPEUTICS, INC.",58138989,2834,Pharmaceutical Preparations,healthcare,,
CAPS,887151,Capstone Holding Corp.,20578551,5030,Wholesale-Lumber & Other Construction Materials,industrials,,
CARG,1494259,"CarGurus, Inc.",0,7374,Services-Computer Processing & Data Preparation,software,,
CARS,1683606,Cars.com Inc.,53532714,7374,Services-Computer Processing & Data Preparation,software,,
CASH,907471,"PATHWARD FINANCIAL, INC.",20773362,6021,National Commercial Banks,financials,,
CASY,726958,CASEYS GENERAL STORES INC,36960167,5500,Retail-Auto Dealers & Gasoline Stations,consumer,,
CAT,18230,CATERPILLAR INC,459674889,3531,Construction Machinery & Equip,industrials,,
CATO,18255,CATO CORP,0,5621,Retail-Women's Clothing Stores,consumer,,
CATX,728387,"Perspective Therapeutics, Inc.",114151663,2834,Pharmaceutical Preparations,healthcare,,
CATY,861842,CATHAY GENERAL BANCORP,66713820,6022,State Commercial Banks,financials,,
CB,896159,Chubb Ltd,387860106,6331,"Fire, Marine & Casualty Insurance",financials,,
CBAN,711669,COLONY BANKCORP INC,21220965,6022,State Commercial Banks,financials,,
CBFV,1605301,"CB Financial Services, Inc.",5081584,6022,State Commercial Banks,financials,,
CBIO,1253689,"CRESCENT BIOPHARMA, INC.",37143940,2834,Pharmaceutical Preparations,healthcare,,
CBRL,1067294,"CRACKER BARREL OLD COUNTRY STORE, INC",22351460,5812,Retail-Eating  Places,consumer,,
CBSH,22356,COMMERCE BANCSHARES INC /MO/,143432178,6022,State Commercial Banks,financials,,
CBT,16040,CABOT CORP,51631007,2890,Miscellaneous Chemical Products,industrials,,
CBU,723188,"COMMUNITY FINANCIAL SYSTEM, INC.",52615905,6021,National Commercial Banks,financials,,
CBUS,1705843,"Cibus, Inc.",4973687,2870,Agricultural Chemicals,industrials,,
CC,1627223,Chemours Co,150498995,2800,Chemicals & Allied Products,industrials,,
CCBG,726601,CAPITAL CITY BANK GROUP INC,17101409,6022,State Commercial Banks,financials,,
CCEL,862692,CRYO CELL INTERNATIONAL INC,8062650,8090,"Services-Misc Health & Allied Services, NEC",healthcare,,
CCK,1219601,"CROWN HOLDINGS, INC.",108760511,3411,Metal Cans,industrials,,
CCL,815097,Carnival Corp Ltd.,1369649119,4400,Water Transportation,industrials,,
CCLD,1582982,"CareCloud, Inc.",42493859,7372,Services-Prepackaged Software,software,,
CCNE,736772,CNB FINANCIAL CORP/PA,29620885,6022,State Commercial Banks,financials,,
CCS,1576940,"Century Communities, Inc.",28432900,1531,Operative Builders,industrials,,
CCZ,1166691,COMCAST CORP,2063073161,4841,Cable & Other Pay Television Services,software,,
CDE,215466,"Coeur Mining, Inc.",1027934998,1040,Gold and Silver Ores,industrials,,
CDLX,1666071,"Cardlytics, Inc.",5888716,7370,"Services-Computer Programming, Data Processing, Etc.",software,,
CDNA,1217234,"CareDx, Inc.",51734223,8071,Services-Medical Laboratories,healthcare,,
CDNS,813672,CADENCE DESIGN SYSTEMS INC,275816000,7372,Services-Prepackaged Software,software,,
CDW,1402057,CDW Corp,125017426,5961,Retail-Catalog & Mail-Order Houses,consumer,,
CDXS,1200375,"CODEXIS, INC.",109505765,2860,Industrial Organic Chemicals,industrials,,
CE,1306830,Celanese Corp,109748926,2820,"Plastic Material, Synth Resin/Rubber, Cellulos (No Glass)",industrials,,
CECO,3197,CECO ENVIRONMENTAL CORP,58569830,3564,Industrial & Commercial Fans & Blowers & Air Purifing Equip,industrials,,
CELC,1603454,Celcuity Inc.,48931908,8071,Services-Medical Laboratories,healthcare,,
CELH,1341766,"Celsius Holdings, Inc.",253035047,2086,Bottled & Canned Soft Drinks & Carbonated Waters,consumer,,
CENT,887733,CENTRAL GARDEN & PET CO,0,5190,Wholesale-Miscellaneous Nondurable Goods,industrials,,
CENX,949157,CENTURY ALUMINUM CO,98993295,3334,Primary Production of  Aluminum,industrials,,
CEPL,1009759,"Capstone Energy Plus, Inc.",18546649,3510,Engines & Turbines,industrials,,
CERS,1020214,CERUS CORP,201524898,3841,Surgical & Medical Instruments & Apparatus,healthcare,,
CETX,1435064,CEMTREX INC,1721141,1700,Construction - Special Trade Contractors,industrials,,
CEVA,1173489,CEVA INC,28154072,7370,"Services-Computer Programming, Data Processing, Etc.",software,,
CF,1324404,"CF Industries Holdings, Inc.",151338130,2870,Agricultural Chemicals,industrials,,
CFBK,1070680,CF BANKSHARES INC.,5316573,6021,National Commercial Banks,financials,,
CFFI,913341,C & F FINANCIAL CORP,3251691,6022,State Commercial Banks,financials,,
CFFN,1490906,"Capitol Federal Financial, Inc.",125698283,6035,"Savings Institution, Federally Chartered",financials,,
CFG,759944,CITIZENS FINANCIAL GROUP INC/RI,421176788,6022,State Commercial Banks,financials,,
CFR,39263,"CULLEN/FROST BANKERS, INC.",62148785,6021,National Commercial Banks,financials,,
CG,1527166,Carlyle Group Inc.,356332798,6282,Investment Advice,consumer,,
CGNX,851205,COGNEX CORP,168223842,3823,"Industrial Instruments For Measurement, Display, and Control",software,,
CHCO,726854,CITY HOLDING CO,14045160,6021,National Commercial Banks,financials,,
CHD,313927,CHURCH & DWIGHT CO INC /DE/,237203907,2840,"Soap, Detergents, Cleang Preparations, Perfumes, Cosmetics",consumer,,
CHE,19584,CHEMED CORP,13069961,8082,Services-Home Health Care Services,healthcare,,
CHEF,1517175,"Chefs' Warehouse, Inc.",40777629,5141,"Wholesale-Groceries, General Line",industrials,,
CHGA,1630212,Change Agents Corporation.,19946803,7371,Services-Computer Programming Services,software,,
CHH,1046311,CHOICE HOTELS INTERNATIONAL INC /DE,45008622,7011,Hotels & Motels,consumer,,
CHMG,763563,CHEMUNG FINANCIAL CORP,4821472,6022,State Commercial Banks,financials,,
CHRD,1486159,Chord Energy Corp,54697872,1311,Crude Petroleum & Natural Gas,energy,,
CHRN,1549084,ChronoScale Holdings Corp,145637452,3569,"General Industrial Machinery & Equipment, NEC",industrials,,
CHRW,1043277,"C. H. ROBINSON WORLDWIDE, INC.",116851258,4731,Arrangement of  Transportation of  Freight & Cargo,industrials,,
CHSCL,823277,CHS INC,0,5150,Wholesale-Farm Product Raw Materials,industrials,,
CHTR,1091667,"CHARTER COMMUNICATIONS, INC. /MO/",270927828,4841,Cable & Other Pay Television Services,software,,
CI,1739940,Cigna Group,264240486,6324,Hospital & Medical Service Plans,financials,,
CIA,24090,"CITIZENS, INC.",50643108,6311,Life Insurance,financials,,
CIEN,936395,CIENA CORP,141808525,3661,Telephone & Telegraph Apparatus,software,,
CIIT,1557798,"Tianci International, Inc.",9673907,3576,Computer Communications Equipment,software,,
CINF,20286,CINCINNATI FINANCIAL CORP,153478045,6331,"Fire, Marine & Casualty Insurance",financials,,
CIVB,944745,"CIVISTA BANCSHARES, INC.",20794238,6022,State Commercial Banks,financials,,
CIX,1049606,COMPX INTERNATIONAL INC,12336657,3420,"Cutlery, Handtools & General Hardware",industrials,,
CKX,352955,"CKX LANDS, INC.",2053129,1311,Crude Petroleum & Natural Gas,energy,,
CL,21665,COLGATE PALMOLIVE CO,797172829,2844,"Perfumes, Cosmetics & Other Toilet Preparations",consumer,,
CLAR,913277,Clarus Corp,38288155,3949,"Sporting & Athletic Goods, NEC",industrials,,
CLDX,744218,"Celldex Therapeutics, Inc.",78529532,2835,In Vitro & In Vivo Diagnostic Substances,healthcare,,
CLF,764065,CLEVELAND-CLIFFS INC.,570540047,1000,Metal Mining,industrials,,
CLFD,796505,"Clearfield, Inc.",13583955,3661,Telephone & Telegraph Apparatus,software,,
CLIR,1434524,ClearSign Technologies Corp,6807455,3823,"Industrial Instruments For Measurement, Display, and Control",software,,
CLMB,945983,"Climb Global Solutions, Inc.",18660639,5045,Wholesale-Computers & Peripheral Equipment & Software,industrials,,
CLOQ,1437517,"CYBERLOQ TECHNOLOGIES, INC.",146146254,7372,Services-Prepackaged Software,software,,
CLPT,1285550,"ClearPoint Neuro, Inc.",30504227,3841,Surgical & Medical Instruments & Apparatus,healthcare,,
CLRB,1279704,"Cellectar Biosciences, Inc.",9452108,2834,Pharmaceutical Preparations,healthcare,,
CLRO,840715,CLEARONE INC,2675412,3661,Telephone & Telegraph Apparatus,software,,
CLSK,827876,"CLEANSPARK, INC.",256817073,6199,Finance Services,consumer,,
CLW,1441236,Clearwater Paper Corp,16125253,2631,Paperboard Mills,industrials,,
CLX,21076,CLOROX CO /DE/,120921351,2842,"Specialty Cleaning, Polishing and Sanitation Preparations",consumer,,
CMC,22444,COMMERCIAL METALS Co,110624335,3312,"Steel Works, Blast Furnaces & Rolling Mills (Coke Ovens)",industrials,,
CMCO,1005229,COLUMBUS MCKINNON CORP,28864244,3531,Construction Machinery & Equip,industrials,,
CME,1156375,CME GROUP INC.,66643583,6200,"Security & Commodity Brokers, Dealers, Exchanges & Services",consumer,,
CMG,1058090,CHIPOTLE MEXICAN GRILL INC,1265418000,5812,Retail-Eating  Places,consumer,,
CMI,26172,CUMMINS INC,137664487,3510,Engines & Turbines,industrials,,
CMP,1227654,COMPASS MINERALS INTERNATIONAL INC,41980874,1400,Mining & Quarrying of  Nonmetallic Minerals (No Fuels),industrials,,
CMPR,1262976,CIMPRESS plc,24349476,2750,Commercial Printing,software,,
CMT,1026655,CORE MOLDING TECHNOLOGIES INC,8849034,3089,"Plastics Products, NEC",industrials,,
CMTL,23197,COMTECH TELECOMMUNICATIONS CORP /DE/,29961431,3663,Radio & Tv Broadcasting & Communications Equipment,software,,
CMTV,718413,COMMUNITY BANCORP /VT,5600902,6021,National Commercial Banks,financials,,
CNA,21175,CNA FINANCIAL CORP,270600928,6331,"Fire, Marine & Casualty Insurance",financials,,
CNC,1071739,CENTENE CORP,493995000,6324,Hospital & Medical Service Plans,financials,,
CNET,1376321,ZW Data Action Technologies Inc.,3668429,7370,"Services-Computer Programming, Data Processing, Etc.",software,,
CNMD,816956,CONMED Corp,29951248,3845,Electromedical & Electrotherapeutic Apparatus,healthcare,,
CNNE,1704720,"Cannae Holdings, Inc.",43374227,5810,Retail-Eating & Drinking Places,consumer,,
CNO,1224608,"CNO Financial Group, Inc.",92521371,6321,Accident & Health Insurance,financials,,
CNOB,712771,"ConnectOne Bancorp, Inc.",54295380,6022,State Commercial Banks,financials,,
CNR,1710366,"Core Natural Resources, Inc.",49636257,1220,Silver Ores,energy,,
CNS,1284812,"COHEN & STEERS, INC.",51421533,6282,Investment Advice,consumer,,
CNSY,1095981,"CERENOME, INC.",7589625,3841,Surgical & Medical Instruments & Apparatus,healthcare,,
CNTY,911147,CENTURY CASINOS INC /CO/,28137692,7011,Hotels & Motels,consumer,,
CNVS,1173204,Cineverse Corp.,23771387,7841,Services-Video Tape Rental,software,,
CNX,1070412,CNX Resources Corp,147943637,1311,Crude Petroleum & Natural Gas,energy,,
CNXN,1050377,PC CONNECTION INC,25238099,5045,Wholesale-Computers & Peripheral Equipment & Software,industrials,,
COCP,1412486,"Cocrystal Pharma, Inc.",19263200,2834,Pharmaceutical Preparations,healthcare,,
CODA,1334325,"Coda Octopus Group, Inc.",11280754,3812,"Search, Detection, Navigation, Guidance, Aeronautical Sys",industrials,,
CODI,1345126,Compass Diversified Holdings,75235966,2510,Household Furniture,industrials,,
CODX,1692415,"Co-Diagnostics, Inc.",6252319,3841,Surgical & Medical Instruments & Apparatus,healthcare,,
COF,927628,CAPITAL ONE FINANCIAL CORP,622292783,6021,National Commercial Banks,financials,,
COFS,803164,CHOICEONE FINANCIAL SERVICES INC,14955520,6022,State Commercial Banks,financials,,
COHN,1270436,Cohen & Co Inc.,3228970,6211,"Security Brokers, Dealers & Flotation Companies",consumer,,
COHR,820318,COHERENT CORP.,195832246,3827,Optical Instruments & Lenses,software,,
COHU,21535,COHU INC,47338433,3825,Instruments For Meas & Testing of  Electricity & Elec Signals,software,,
COKE,317540,"Coca-Cola Consolidated, Inc.",7141447,2086,Bottled & Canned Soft Drinks & Carbonated Waters,consumer,,
COLB,887343,"COLUMBIA BANKING SYSTEM, INC.",282902268,6022,State Commercial Banks,financials,,
COLL,1267565,"COLLEGIUM PHARMACEUTICAL, INC",32555613,2834,Pharmaceutical Preparations,healthcare,,
COLM,1050797,COLUMBIA SPORTSWEAR CO,51193194,2300,Apparel & Other Finishd Prods of  Fabrics & Similar Matl,consumer,,
COO,711404,"COOPER COMPANIES, INC.",195030630,3851,Ophthalmic Goods,healthcare,,
COP,1163165,CONOCOPHILLIPS,1201337479,2911,Petroleum Refining,energy,,
COPR,1263364,Idaho Copper Corp,18778604,1000,Metal Mining,industrials,,
COR,1140859,"Cencora, Inc.",190827165,5122,"Wholesale-Drugs, Proprietaries & Druggists' Sundries",industrials,,
CORT,1088856,CORCEPT THERAPEUTICS INC,108098397,2834,Pharmaceutical Preparations,healthcare,,
COSM,1474167,Cosmos Health Inc.,100633773,5122,"Wholesale-Drugs, Proprietaries & Druggists' Sundries",industrials,,
COST,909832,COSTCO WHOLESALE CORP /NEW,443478804,5331,Retail-Variety Stores,consumer,,
COTY,1024305,COTY INC.,880686464,2844,"Perfumes, Cosmetics & Other Toilet Preparations",consumer,,
CPB,16732,CAMPBELL'S Co,298206243,2000,Food and Kindred Products,consumer,,
CPER,1479247,United States Commodity Index Funds Trust,28000000,6221,Commodity Contracts Brokers & Dealers,consumer,,
CPF,701347,CENTRAL PACIFIC FINANCIAL CORP,25747432,6022,State Commercial Banks,financials,,
CPHI,1106644,"CHINA PHARMA HOLDINGS, INC.",43022002,2834,Pharmaceutical Preparations,healthcare,,
CPIX,1087294,CUMBERLAND PHARMACEUTICALS INC,14983107,2834,Pharmaceutical Preparations,healthcare,,
CPRI,1530721,Capri Holdings Ltd,113651618,3100,Leather & Leather Products,industrials,,
CPRT,900075,COPART INC,925811482,5500,Retail-Auto Dealers & Gasoline Stations,consumer,,
CPS,1320461,Cooper-Standard Holdings Inc.,17769208,3714,Motor Vehicle Parts & Accessories,industrials,,
CPSH,814676,CPS TECHNOLOGIES CORP/DE/,19387942,3260,Pottery & Related Products,industrials,,
CPSS,889609,"CONSUMER PORTFOLIO SERVICES, INC.",21554714,6199,Finance Services,consumer,,
CRBP,1595097,"Corbus Pharmaceuticals Holdings, Inc.",19341293,2834,Pharmaceutical Preparations,healthcare,,
CRC,1609253,California Resources Corp,88819893,1311,Crude Petroleum & Natural Gas,energy,,
CRD-A,25475,CRAWFORD & CO,0,6411,"Insurance Agents, Brokers & Service",consumer,,
CREX,1356093,"CREATIVE REALITIES, INC.",13526506,7373,Services-Computer Integrated Systems Design,software,,
CRI,1060822,CARTERS INC,36711185,2300,Apparel & Other Finishd Prods of  Fabrics & Similar Matl,consumer,,
CRK,23194,COMSTOCK RESOURCES INC,293620548,1311,Crude Petroleum & Natural Gas,energy,,
CRM,1108524,"Salesforce, Inc.",823000000,7372,Services-Prepackaged Software,software,,
CRMD,1410098,CorMedix Inc.,77944324,2834,Pharmaceutical Preparations,healthcare,,
CRMT,799850,AMERICAS CARMART INC,8327329,5500,Retail-Auto Dealers & Gasoline Stations,consumer,,
CRNX,1658247,"Crinetics Pharmaceuticals, Inc.",106065229,2834,Pharmaceutical Preparations,healthcare,,
CROX,1334036,"Crocs, Inc.",47945075,3021,Rubber & Plastics Footwear,consumer,,
CRS,17843,CARPENTER TECHNOLOGY CORP,49558566,3312,"Steel Works, Blast Furnaces & Rolling Mills (Coke Ovens)",industrials,,
CRUS,772406,"CIRRUS LOGIC, INC.",50117561,3674,Semiconductors & Related Devices,software,,
CRVL,874866,CORVEL CORP,50516571,6411,"Insurance Agents, Brokers & Service",consumer,,
CRVO,1053691,CervoMed Inc.,15119096,2834,Pharmaceutical Preparations,healthcare,,
CRVS,1626971,"Corvus Pharmaceuticals, Inc.",84120944,2834,Pharmaceutical Preparations,healthcare,,
CRWS,25895,CROWN CRAFTS INC,10760287,2211,"Broadwoven Fabric Mills, Cotton",consumer,,
CSCO,858877,"CISCO SYSTEMS, INC.",3942586873,3576,Computer Communications Equipment,software,,
CSL,790051,CARLISLE COMPANIES INC,39714133,3060,"Fabricated Rubber Products, NEC",industrials,,
CSPI,356037,CSP INC /MA/,10080645,7373,Services-Computer Integrated Systems Design,software,,
CSW,1624794,"CSW INDUSTRIALS, INC.",16293487,2891,Adhesives & Sealants,industrials,,
CSX,277948,CSX CORP,1852474917,4011,"Railroads, Line-Haul Operating",industrials,,
CTAS,723254,CINTAS CORP,400169561,2320,"Men's & Boys' Furnishgs, Work Clothg, & Allied Garments",consumer,,
CTBI,350852,COMMUNITY TRUST BANCORP INC /KY/,18167954,6022,State Commercial Banks,financials,,
CTGO,1502377,Contango Silver & Gold Inc.,33440691,1040,Gold and Silver Ores,industrials,,
CTMX,1501989,"CytomX Therapeutics, Inc.",217899284,2834,Pharmaceutical Preparations,healthcare,,
CTRN,1318484,Citi Trends Inc,8329848,5600,Retail-Apparel & Accessory Stores,consumer,,
CTS,26058,CTS CORP,28592910,3672,Printed Circuit Boards,software,,
CTSH,1058290,COGNIZANT TECHNOLOGY SOLUTIONS CORP,473869469,7371,Services-Computer Programming Services,software,,
CTSO,1175151,Cytosorbents Corp,62842748,3841,Surgical & Medical Instruments & Apparatus,healthcare,,
CTXR,1506251,"Citius Pharmaceuticals, Inc.",27452570,2834,Pharmaceutical Preparations,healthcare,,
CUBB,1488813,"Customers Bancorp, Inc.",33783799,6022,State Commercial Banks,financials,,
CULP,723603,CULP INC,12662784,2211,"Broadwoven Fabric Mills, Cotton",consumer,,
CVBF,354647,CVB FINANCIAL CORP,175997435,6022,State Commercial Banks,financials,,
CVCO,278166,"CAVCO INDUSTRIES, INC.",7689402,2451,Mobile Homes,industrials,,
CVGI,1290900,"Commercial Vehicle Group, Inc.",40632682,3714,Motor Vehicle Parts & Accessories,industrials,,
CVI,1376139,CVR ENERGY INC,100530599,2911,Petroleum Refining,energy,,
CVLG,928658,"COVENANT LOGISTICS GROUP, INC.",0,4213,Trucking (No Local),industrials,,
CVLT,1169561,COMMVAULT SYSTEMS INC,41444564,7372,Services-Prepackaged Software,software,,
CVNA,1690820,CARVANA CO.,0,5500,Retail-Auto Dealers & Gasoline Stations,consumer,,
CVR,19871,CHICAGO RIVET & MACHINE CO,966132,3540,Metalworkg Machinery & Equipment,industrials,,
CVS,64803,CVS HEALTH Corp,1278970369,5912,Retail-Drug Stores and Proprietary Stores,consumer,,
CVU,889348,CPI AEROSTRUCTURES INC,13249734,3728,"Aircraft Parts & Auxiliary Equipment, NEC",industrials,,
CVV,766792,CVD EQUIPMENT CORP,6951203,3559,"Special Industry Machinery, NEC",industrials,,
CVX,93410,CHEVRON CORP,1975771274,2911,Petroleum Refining,energy,,
CW,26324,CURTISS WRIGHT CORP,36934444,3590,Misc Industrial & Commercial Machinery & Equipment,industrials,,
CWBC,1127371,Community West Bancshares,27131078,6022,State Commercial Banks,financials,,
CWH,1669779,"Camping World Holdings, Inc.",0,5500,Retail-Auto Dealers & Gasoline Stations,consumer,,
CXT,25445,"Crane NXT, Co.",57561304,3490,Miscellaneous Fabricated Metal Products,industrials,,
CYH,1108109,COMMUNITY HEALTH SYSTEMS INC,141009357,8062,"Services-General Medical & Surgical Hospitals, NEC",healthcare,,
CYPH,1509745,CYPHERPUNK TECHNOLOGIES INC.,107764382,2834,Pharmaceutical Preparations,healthcare,,
CYRX,1124524,"Cryoport, Inc.",50649100,2834,Pharmaceutical Preparations,healthcare,,
CYTK,1061983,CYTOKINETICS INC,139023418,2834,Pharmaceutical Preparations,healthcare,,
CZFS,739421,CITIZENS FINANCIAL SERVICES INC,4809855,6022,State Commercial Banks,financials,,
CZNC,810958,CITIZENS & NORTHERN CORP,17934867,6022,State Commercial Banks,financials,,
CZR,1590895,"Caesars Entertainment, Inc.",203720372,7011,Hotels & Motels,consumer,,
CZWI,1367859,Citizens Community Bancorp Inc.,9650231,6035,"Savings Institution, Federally Chartered",financials,,
DAIO,351998,DATA I/O CORP,10395627,3825,Instruments For Meas & Testing of  Electricity & Elec Signals,software,,
DAKT,915779,DAKTRONICS INC /SD/,48092650,3990,Miscellaneous Manufacturing Industries,industrials,,
DAL,27904,"DELTA AIR LINES, INC.",657623030,4512,"Air Transportation, Scheduled",industrials,,
DAN,26780,DANA Inc,107576679,3714,Motor Vehicle Parts & Accessories,industrials,,
DAR,916540,DARLING INGREDIENTS INC.,157802916,2070,Fats & Oils,consumer,,
DARE,1401914,"Dare Bioscience, Inc.",15289502,2834,Pharmaceutical Preparations,healthcare,,
DBA,1383082,INVESCO DB AGRICULTURE FUND,43200000,6221,Commodity Contracts Brokers & Dealers,consumer,,
DBB,1383084,INVESCO DB BASE METALS FUND,14450000,6221,Commodity Contracts Brokers & Dealers,consumer,,
DBC,1328237,Invesco DB Commodity Index Tracking Fund,59250000,6221,Commodity Contracts Brokers & Dealers,consumer,,
DBD,28823,"DIEBOLD NIXDORF, Inc",33946588,3578,Calculating & Accounting Machines (No Electronic Computers),software,,
DBE,1383062,Invesco DB Energy Fund,3150000,6221,Commodity Contracts Brokers & Dealers,consumer,,
DBI,1319947,Designer Brands Inc.,0,5661,Retail-Shoe Stores,consumer,,
DBO,1383058,Invesco DB Oil Fund,12050000,6221,Commodity Contracts Brokers & Dealers,consumer,,
DBP,1383057,Invesco DB Precious Metals Fund,2600000,6221,Commodity Contracts Brokers & Dealers,consumer,,
DBRG,1679688,"DigitalBridge Group, Inc.",187495281,6282,Investment Advice,consumer,,
DBX,1467623,"DROPBOX, INC.",0,7372,Services-Prepackaged Software,software,,
DCBG,846617,"Dime Commercial Bancshares, Inc. /NY/",44156595,6021,National Commercial Banks,financials,,
DCH,1062231,Dauch Corp,237604602,3714,Motor Vehicle Parts & Accessories,industrials,,
DCI,29644,DONALDSON Co INC,115911056,3564,Industrial & Commercial Fans & Blowers & Air Purifing Equip,industrials,,
DCO,30305,DUCOMMUN INC /DE/,15099779,3728,"Aircraft Parts & Auxiliary Equipment, NEC",industrials,,
DCOY,1615219,Decoy Therapeutics Inc.,655185,2834,Pharmaceutical Preparations,healthcare,,
DCTH,872912,"DELCATH SYSTEMS, INC.",34698795,3841,Surgical & Medical Instruments & Apparatus,healthcare,,
DD,1666700,"DuPont de Nemours, Inc.",135042975,2821,"Plastic Materials, Synth Resins & Nonvulcan Elastomers",industrials,,
DDD,910638,3D SYSTEMS CORP,166147027,7372,Services-Prepackaged Software,software,,
DDS,28917,"DILLARD'S, INC.",0,5311,Retail-Department Stores,consumer,,
DE,315189,DEERE & CO,269625412,3523,Farm Machinery & Equipment,industrials,,
DECK,910521,DECKERS OUTDOOR CORP,136414227,3021,Rubber & Plastics Footwear,consumer,,
DELL,1571996,Dell Technologies Inc.,0,3571,Electronic Computers,software,,
DG,29534,DOLLAR GENERAL CORP,220616790,5331,Retail-Variety Stores,consumer,,
DGICA,800457,DONEGAL GROUP INC,0,6331,"Fire, Marine & Casualty Insurance",financials,,
DGII,854775,DIGI INTERNATIONAL INC,37948123,3576,Computer Communications Equipment,software,,
DGX,1022079,QUEST DIAGNOSTICS INC,110373360,8071,Services-Medical Laboratories,healthcare,,
DHI,882184,HORTON D R INC /DE/,279701267,1531,Operative Builders,industrials,,
DHR,313616,DANAHER CORP /DE/,702986054,3823,"Industrial Instruments For Measurement, Display, and Control",software,,
DIN,49754,"Dine Brands Global, Inc.",12659150,5812,Retail-Eating  Places,consumer,,
DIOD,29002,DIODES INC /DEL/,46051705,3674,Semiconductors & Related Devices,software,,
DIT,928465,AMCON DISTRIBUTING CO,976028,5141,"Wholesale-Groceries, General Line",industrials,,
DJCO,783412,DAILY JOURNAL CORP,1377952,2711,Newspapers: Publishing or  Publishing & Printing,software,,
DK,1694426,"Delek US Holdings, Inc.",61232174,2911,Petroleum Refining,energy,,
DKL,1552797,"Delek Logistics Partners, LP",53197301,4610,Pipe Lines (No Natural Gas),industrials,,
DKS,1089063,"DICK'S SPORTING GOODS, INC.",0,5940,Retail-Miscellaneous Shopping Goods Stores,consumer,,
DLB,1308547,"Dolby Laboratories, Inc.",0,6794,Patent Owners & Lessors,financials,,
DLTH,1649744,DULUTH HOLDINGS INC.,0,5600,Retail-Apparel & Accessory Stores,consumer,,
DLTR,935703,"DOLLAR TREE, INC.",187630299,5331,Retail-Variety Stores,consumer,,
DLX,27996,DELUXE CORP,45856290,2780,"Blankbooks, Looseleaf Binders & Bookbindg & Relatd Work",software,,
DMLP,1172358,"DORCHESTER MINERALS, L.P.",49091408,1311,Crude Petroleum & Natural Gas,energy,,
DNOW,1599617,DNOW Inc.,180785891,3533,Oil & Gas Field Machinery & Equipment,industrials,,
DNTH,1690585,"Dianthus Therapeutics, Inc. /DE/",55934378,2834,Pharmaceutical Preparations,healthcare,,
DOCU,1261333,"DOCUSIGN, INC.",186902452,7372,Services-Prepackaged Software,software,,
DOMH,12239,Dominari Holdings Inc.,24243646,6211,"Security Brokers, Dealers & Flotation Companies",consumer,,
DOMO,1505952,"DOMO, INC.",0,7372,Services-Prepackaged Software,software,,
DORM,868780,"Dorman Products, Inc.",29675618,3714,Motor Vehicle Parts & Accessories,industrials,,
DOV,29905,DOVER Corp,134680225,3530,"Construction, Mining & Materials Handling Machinery & Equip",industrials,,
DPZ,1286681,DOMINOS PIZZA INC,33081735,5140,Wholesale-Groceries & Related Products,industrials,,
DRI,940944,DARDEN RESTAURANTS INC,114077969,5812,Retail-Eating  Places,consumer,,
DRIO,1533998,DarioHealth Corp.,9799481,3841,Surgical & Medical Instruments & Apparatus,healthcare,,
DSGR,703604,"Distribution Solutions Group, Inc.",46255422,5080,"Wholesale-Machinery, Equipment & Supplies",industrials,,
DSS,771999,"DSS, INC.",10042518,2650,Paperboard Containers & Boxes,industrials,,
DTST,1419951,Data Storage Corp,2337738,7374,Services-Computer Processing & Data Preparation,software,,
DUKR,1638911,DUKE Robotics Corp.,3425978,3721,Aircraft,industrials,,
DUOT,1396536,"DUOS TECHNOLOGIES GROUP, INC.",31472499,7372,Services-Prepackaged Software,software,,
DVA,927066,DAVITA INC.,63800000,8090,"Services-Misc Health & Allied Services, NEC",healthcare,,
DVN,1090012,DEVON ENERGY CORP/DE,1100000000,1311,Crude Petroleum & Natural Gas,energy,,
DWSN,799165,DAWSON GEOPHYSICAL CO,31055618,1382,Oil & Gas Field Exploration Services,energy,,
DXC,1688568,DXC Technology Co,159778689,7374,Services-Computer Processing & Data Preparation,software,,
DXCM,1093557,DEXCOM INC,377360765,3841,Surgical & Medical Instruments & Apparatus,healthcare,,
DXLG,813298,"DESTINATION XL GROUP, INC.",55273092,5651,Retail-Family Clothing Stores,consumer,,
DXPE,1020710,DXP ENTERPRISES INC,15517148,5084,Wholesale-Industrial Machinery & Equipment,industrials,,
DY,67215,DYCOM INDUSTRIES INC,30160957,1623,"Water, Sewer, Pipeline, Comm & Power Line Construction",industrials,,
EAF,931148,GRAFTECH INTERNATIONAL LTD,26092164,3620,Electrical Industrial Apparatus,industrials,,
EAT,703351,"BRINKER INTERNATIONAL, INC",41765010,5812,Retail-Eating  Places,consumer,,
EBF,33002,"ENNIS, INC.",25298272,2761,Manifold Business Forms,software,,
EBMT,1478454,"Eagle Bancorp Montana, Inc.",7965431,6022,State Commercial Banks,financials,,
EBS,1367644,Emergent BioSolutions Inc.,51273336,2834,Pharmaceutical Preparations,healthcare,,
ECL,31462,ECOLAB INC.,280328603,2840,"Soap, Detergents, Cleang Preparations, Perfumes, Cosmetics",consumer,,
ECPG,1084961,ENCORE CAPITAL GROUP INC,21209366,6153,Short-Term Business Credit Institutions,financials,,
ECVT,1708035,Ecovyst Inc.,109468398,2800,Chemicals & Allied Products,industrials,,
EDSA,1540159,"Edesa Biotech, Inc.",9641031,2834,Pharmaceutical Preparations,healthcare,,
EDUC,31667,EDUCATIONAL DEVELOPMENT CORP,8524964,5190,Wholesale-Miscellaneous Nondurable Goods,industrials,,
EDVA,1553788,"Endovia Health Sciences, Inc.",6412521,2080,Beverages,consumer,,
EEFT,1029199,"EURONET WORLDWIDE, INC.",37403595,6099,"Functions Related To Depository Banking, NEC",financials,,
EFOI,924168,"ENERGY FOCUS, INC/DE",6369222,3640,Electric Lighting & Wiring Equipment,industrials,,
EFSC,1025835,ENTERPRISE FINANCIAL SERVICES CORP,36192520,6022,State Commercial Banks,financials,,
EFSI,880641,EAGLE FINANCIAL SERVICES INC,5411615,6022,State Commercial Banks,financials,,
EFX,33185,EQUIFAX INC,117484896,7320,"Services-Consumer Credit Reporting, Collection Agencies",consumer,,
EG,1095073,"EVEREST GROUP, LTD.",38342734,6331,"Fire, Marine & Casualty Insurance",financials,,
EGAN,1066194,EGAIN Corp,27450081,7372,Services-Prepackaged Software,software,,
EGBN,1050441,EAGLE BANCORP INC,30483973,6022,State Commercial Banks,financials,,
EGHT,1023731,8X8 INC /DE/,144435501,7374,Services-Computer Processing & Data Preparation,software,,
EGY,894627,VAALCO ENERGY INC /DE/,105191778,1311,Crude Petroleum & Natural Gas,energy,,
EHC,785161,Encompass Health Corp,98653384,8060,Services-Hospitals,healthcare,,
EHTH,1333493,"eHealth, Inc.",32032654,6411,"Insurance Agents, Brokers & Service",consumer,,
EIG,1379041,"Employers Holdings, Inc.",17960506,6331,"Fire, Marine & Casualty Insurance",financials,,
EL,1001250,ESTEE LAUDER COMPANIES INC,0,2844,"Perfumes, Cosmetics & Other Toilet Preparations",consumer,,
ELA,701719,Envela Corp,25963476,5944,Retail-Jewelry Stores,consumer,,
ELAN,1739104,Elanco Animal Health Inc,499621830,2834,Pharmaceutical Preparations,healthcare,,
ELDN,1404281,"Eledon Pharmaceuticals, Inc.",81261152,2834,Pharmaceutical Preparations,healthcare,,
ELF,1600033,"e.l.f. Beauty, Inc.",59007996,2844,"Perfumes, Cosmetics & Other Toilet Preparations",consumer,,
ELMD,1488917,"Electromed, Inc.",8366163,3845,Electromedical & Electrotherapeutic Apparatus,healthcare,,
ELV,1156039,"Elevance Health, Inc.",216869290,6324,Hospital & Medical Service Plans,financials,,
EME,105634,"EMCOR Group, Inc.",44109901,1731,Electrical Work,industrials,,
EML,31107,EASTERN CO,6017558,3420,"Cutlery, Handtools & General Hardware",industrials,,
EMN,915389,EASTMAN CHEMICAL CO,114377421,2821,"Plastic Materials, Synth Resins & Nonvulcan Elastomers",industrials,,
EMR,32604,EMERSON ELECTRIC CO,557800000,3600,Electronic & Other Electrical Equipment (No Computer Equip),industrials,,
ENOV,1420800,Enovis CORP,57669494,3842,"Orthopedic, Prosthetic & Surgical Appliances & Supplies",healthcare,,
ENPH,1463101,"Enphase Energy, Inc.",131798220,3674,Semiconductors & Related Devices,software,,
ENR,1632790,"ENERGIZER HOLDINGS, INC.",68483637,3690,"Miscellaneous Electrical Machinery, Equipment & Supplies",industrials,,
ENS,1289308,EnerSys,36065224,3690,"Miscellaneous Electrical Machinery, Equipment & Supplies",industrials,,
ENSG,1125376,"ENSIGN GROUP, INC",58282434,8051,Services-Skilled Nursing Care Facilities,healthcare,,
ENTA,1177648,ENANTA PHARMACEUTICALS INC,29125402,2834,Pharmaceutical Preparations,healthcare,,
ENTG,1101302,ENTEGRIS INC,152800000,3089,"Plastics Products, NEC",industrials,,
ENVA,1529864,"Enova International, Inc.",24898371,6141,Personal Credit Institutions,financials,,
ENVB,890821,"Enveric Biosciences, Inc.",4475884,2834,Pharmaceutical Preparations,healthcare,,
EOG,821189,EOG RESOURCES INC,524529176,1311,Crude Petroleum & Natural Gas,energy,,
EP,887396,EMPIRE PETROLEUM CORP,41577341,1311,Crude Petroleum & Natural Gas,energy,,
EPAC,6955,ENERPAC TOOL GROUP CORP,51137646,3590,Misc Industrial & Commercial Machinery & Equipment,industrials,,
EPAM,1352010,"EPAM Systems, Inc.",51586981,7371,Services-Computer Programming Services,software,,
EPC,1096752,EDGEWELL PERSONAL CARE Co,46088915,2844,"Perfumes, Cosmetics & Other Toilet Preparations",consumer,,
EPM,1006655,EVOLUTION PETROLEUM CORP,35872725,1311,Crude Petroleum & Natural Gas,energy,,
EQBK,1227500,EQUITY BANCSHARES INC,20592490,6022,State Commercial Banks,financials,,
EQH,1333986,"Equitable Holdings, Inc.",273035157,6411,"Insurance Agents, Brokers & Service",consumer,,
EQT,33213,EQT Corp,625516000,1311,Crude Petroleum & Natural Gas,energy,,
ERIE,922621,ERIE INDEMNITY CO,0,6411,"Insurance Agents, Brokers & Service",consumer,,
ERII,1421517,"Energy Recovery, Inc.",51044875,3559,"Special Industry Machinery, NEC",industrials,,
ERNA,748592,Ernexa Therapeutics Inc.,1632411,2834,Pharmaceutical Preparations,healthcare,,
ESCA,33488,ESCALADE INC,13766074,3949,"Sporting & Athletic Goods, NEC",industrials,,
ESE,866706,ESCO TECHNOLOGIES INC,25907567,3669,"Communications Equipment, NEC",software,,
ESI,1590714,Element Solutions Inc,243607198,2890,Miscellaneous Chemical Products,industrials,,
ESNT,1448893,Essent Group Ltd.,89876493,6351,Surety Insurance,financials,,
ESOA,1357971,Energy Services of America CORP,18659181,1623,"Water, Sewer, Pipeline, Comm & Power Line Construction",industrials,,
ESP,33533,ESPEY MFG & ELECTRONICS CORP,2995922,3679,"Electronic Components, NEC",software,,
ESQ,1531031,"Esquire Financial Holdings, Inc.",12104583,6029,"Commercial Banks, NEC",financials,,
ESTC,1707753,Elastic N.V.,104991280,7372,Services-Prepackaged Software,software,,
ETD,896156,ETHAN ALLEN INTERIORS INC,25202503,2511,"Wood Household Furniture, (No Upholstered)",industrials,,
ETN,1551182,Eaton Corp plc,388400000,3590,Misc Industrial & Commercial Machinery & Equipment,industrials,,
EVC,1109116,ENTRAVISION COMMUNICATIONS CORP,0,4833,Television Broadcasting Stations,software,,
EVR,1360901,Evercore Inc.,0,6282,Investment Advice,consumer,,
EVTC,1559865,"EVERTEC, Inc.",59752542,7374,Services-Computer Processing & Data Preparation,software,,
EW,1099800,Edwards Lifesciences Corp,576400000,3842,"Orthopedic, Prosthetic & Surgical Appliances & Supplies",healthcare,,
EWBC,1069157,EAST WEST BANCORP INC,137011856,6022,State Commercial Banks,financials,,
EXE,895126,EXPAND ENERGY Corp,239228849,1311,Crude Petroleum & Natural Gas,energy,,
EXP,918646,EAGLE MATERIALS INC,30675325,3241,"Cement, Hydraulic",industrials,,
EXPD,746515,EXPEDITORS INTERNATIONAL OF WASHINGTON INC,129990622,4731,Arrangement of  Transportation of  Freight & Cargo,industrials,,
EXPE,1324424,"Expedia Group, Inc.",0,4700,Transportation Services,industrials,,
EXTR,1078271,EXTREME NETWORKS INC,130490653,3576,Computer Communications Equipment,software,,
EYE,1710155,"National Vision Holdings, Inc.",79069313,3851,Ophthalmic Goods,healthcare,,
EYPT,1314102,"EyePoint, Inc.",86212138,3826,Laboratory Analytical Instruments,software,,
EZPW,876523,EZCORP INC,0,5900,Retail-Miscellaneous Retail,consumer,,
F,37996,FORD MOTOR CO,3727332952,3711,Motor Vehicles & Passenger Car Bodies,industrials,,
FAF,1472787,First American Financial Corp,102100000,6361,Title Insurance,financials,,
FANG,1539838,"Diamondback Energy, Inc.",280024353,1311,Crude Petroleum & Natural Gas,energy,,
FAST,815556,FASTENAL CO,1147497573,5200,"Retail-Building Materials, Hardware, Garden Supply",consumer,,
FBIN,1519751,"Fortune Brands Innovations, Inc.",119371477,2430,"Millwood, Veneer, Plywood, & Structural Wood Members",industrials,,
FBIO,1429260,"Fortress Biotech, Inc.",82474127,2834,Pharmaceutical Preparations,healthcare,,
FBIZ,1521951,"FIRST BUSINESS FINANCIAL SERVICES, INC.",8368320,6022,State Commercial Banks,financials,,
FBK,1649749,FB Financial Corp,49978138,6022,State Commercial Banks,financials,,
FBNC,811589,FIRST BANCORP /NC/,41374221,6022,State Commercial Banks,financials,,
FBP,1057706,FIRST BANCORP /PR/,152668268,6022,State Commercial Banks,financials,,
FCAP,1070296,FIRST CAPITAL INC,3344625,6035,"Savings Institution, Federally Chartered",financials,,
FCBC,859070,FIRST COMMUNITY BANKSHARES INC /VA/,18910329,6022,State Commercial Banks,financials,,
FCCO,932781,FIRST COMMUNITY CORP /SC/,9399731,6022,State Commercial Banks,financials,,
FCEL,886128,FUELCELL ENERGY INC,79954196,3620,Electrical Industrial Apparatus,industrials,,
FCF,712537,FIRST COMMONWEALTH FINANCIAL CORP /PA/,101055925,6021,National Commercial Banks,financials,,
FCFS,840489,"FirstCash Holdings, Inc.",43371800,5900,Retail-Miscellaneous Retail,consumer,,
FCNCA,798941,FIRST CITIZENS BANCSHARES INC /DE/,0,6022,State Commercial Banks,financials,,
FCUV,1590418,FOCUS UNIVERSAL INC.,702745,3823,"Industrial Instruments For Measurement, Display, and Control",software,,
FCX,831259,FREEPORT-MCMORAN INC,1436017523,1000,Metal Mining,industrials,,
FDBC,1098151,FIDELITY D & D BANCORP INC,5808508,6021,National Commercial Banks,financials,,
FDS,1013237,FACTSET RESEARCH SYSTEMS INC,35565543,7370,"Services-Computer Programming, Data Processing, Etc.",software,,
FDX,1048911,FEDEX CORP,236581188,4513,Air Courier Services,industrials,,
FEED,1326706,"ENvue Medical, Inc.",11084615,3842,"Orthopedic, Prosthetic & Surgical Appliances & Supplies",healthcare,,
FEIM,39020,FREQUENCY ELECTRONICS INC,9870077,3825,Instruments For Meas & Testing of  Electricity & Elec Signals,software,,
FELE,38725,FRANKLIN ELECTRIC CO INC,44182232,3621,Motors & Generators,industrials,,
FET,1401257,"FORUM ENERGY TECHNOLOGIES, INC.",11304286,3533,Oil & Gas Field Machinery & Equipment,industrials,,
FF,1337298,FutureFuel Corp.,43863318,2860,Industrial Organic Chemicals,industrials,,
FFBC,708955,FIRST FINANCIAL BANCORP /OH/,104968940,6021,National Commercial Banks,financials,,
FFIN,36029,FIRST FINANCIAL BANKSHARES INC,143327507,6022,State Commercial Banks,financials,,
FFIV,1048695,"F5, INC.",56627182,3576,Computer Communications Equipment,software,,
FGBI,1408534,"First Guaranty Bancshares, Inc.",16539094,6035,"Savings Institution, Federally Chartered",financials,,
FGNX,1591890,FG Nexus Inc.,5095688,6199,Finance Services,consumer,,
FHB,36377,"FIRST HAWAIIAN, INC.",121680634,6022,State Commercial Banks,financials,,
FHI,1056288,"FEDERATED HERMES, INC.",0,6282,Investment Advice,consumer,,
FHN,36966,FIRST HORIZON CORP,473777158,6021,National Commercial Banks,financials,,
FIBK,860413,FIRST INTERSTATE BANCSYSTEM INC,95304607,6022,State Commercial Banks,financials,,
FIEE,1467761,"FiEE, Inc.",8528598,3661,Telephone & Telegraph Apparatus,software,,
FISI,862831,FINANCIAL INSTITUTIONS INC,19706360,6021,National Commercial Banks,financials,,
FITB,35527,FIFTH THIRD BANCORP,906892564,6022,State Commercial Banks,financials,,
FIVE,1177609,"FIVE BELOW, INC",55054035,5331,Retail-Variety Stores,consumer,,
FIVN,1288847,"Five9, Inc.",74723531,7374,Services-Computer Processing & Data Preparation,software,,
FIX,1035983,COMFORT SYSTEMS USA INC,35194329,1731,Electrical Work,industrials,,
FIZZ,69891,NATIONAL BEVERAGE CORP,93612102,2086,Bottled & Canned Soft Drinks & Carbonated Waters,consumer,,
FKWL,722572,FRANKLIN WIRELESS CORP,11784280,3661,Telephone & Telegraph Apparatus,software,,
FLEX,866374,FLEX LTD.,369402978,3672,Printed Circuit Boards,software,,
FLG,910073,"FLAGSTAR BANK, NATIONAL ASSOCIATION",415092836,6036,"Savings Institutions, Not Federally Chartered",financials,,
FLGT,1674930,"Fulgent Genetics, Inc.",27515293,8071,Services-Medical Laboratories,healthcare,,
FLL,891482,FULL HOUSE RESORTS INC,36644480,7011,Hotels & Motels,consumer,,
FLNA,1069530,"FILANA THERAPEUTICS, INC.",48307896,2834,Pharmaceutical Preparations,healthcare,,
FLO,1128928,FLOWERS FOODS INC,212057418,2000,Food and Kindred Products,consumer,,
FLR,1124198,FLUOR CORP,133741067,1600,Heavy Construction Other Than Bldg Const - Contractors,industrials,,
FLS,30625,FLOWSERVE CORP,127112780,3561,Pumps & Pumping Equipment,industrials,,
FLUX,1083743,"Flux Power Holdings, Inc.",21621642,3690,"Miscellaneous Electrical Machinery, Equipment & Supplies",industrials,,
FLWS,1084869,1 800 FLOWERS COM INC,0,5990,"Retail-Retail Stores, NEC",consumer,,
FLXS,37472,FLEXSTEEL INDUSTRIES INC,4091741,2510,Household Furniture,industrials,,
FMAO,792966,FARMERS & MERCHANTS BANCORP INC,13773162,6035,"Savings Institution, Federally Chartered",financials,,
FMBH,700565,"FIRST MID BANCSHARES, INC.",26601912,6022,State Commercial Banks,financials,,
FMC,37785,FMC CORP,125226839,2800,Chemicals & Allied Products,industrials,,
FMNB,709337,FARMERS NATIONAL BANC CORP /OH/,59247572,6022,State Commercial Banks,financials,,
FN,1408710,Fabrinet,35834864,3661,Telephone & Telegraph Apparatus,software,,
FNB,37808,FNB CORP/PA/,353000972,6021,National Commercial Banks,financials,,
FND,1507079,"Floor & Decor Holdings, Inc.",106489965,5211,Retail-Lumber & Other Building Materials Dealers,consumer,,
FNF,1331875,"Fidelity National Financial, Inc.",268192827,6361,Title Insurance,financials,,
FNGR,1602409,"FingerMotion, Inc.",61310361,7372,Services-Prepackaged Software,software,,
FNKO,1704711,"Funko, Inc.",0,3944,"Games, Toys & Children's Vehicles (No Dolls & Bicycles)",industrials,,
FNLC,765207,"First Bancorp, Inc /ME/",11282340,6021,National Commercial Banks,financials,,
FNRN,1114927,FIRST NORTHERN COMMUNITY BANCORP,16395303,6035,"Savings Institution, Federally Chartered",financials,,
FNWB,1556727,First Northwest Bancorp,9511615,6036,"Savings Institutions, Not Federally Chartered",financials,,
FNWD,919864,Finward Bancorp,4333002,6035,"Savings Institution, Federally Chartered",financials,,
FORM,1039399,FORMFACTOR INC,78120725,3674,Semiconductors & Related Devices,software,,
FOSL,883569,"Fossil Group, Inc.",59138052,3873,"Watches, Clocks, Clockwork Operated Devices/Parts",industrials,,
FOX,1754301,Fox Corp,1,4833,Television Broadcasting Stations,software,,
FOXF,1424929,FOX FACTORY HOLDING CORP,42031001,3751,"Motorcycles, Bicycles & Parts",industrials,,
FRAF,723646,FRANKLIN FINANCIAL SERVICES CORP /PA/,4499582,6022,State Commercial Banks,financials,,
FRD,39092,FRIEDMAN INDUSTRIES INC,7212791,3310,"Steel Works, Blast Furnaces & Rolling & Finishing Mills",industrials,,
FRHC,924805,Freedom Holding Corp.,63787666,6211,"Security Brokers, Dealers & Flotation Companies",consumer,,
FRME,712534,FIRST MERCHANTS CORP,63022741,6021,National Commercial Banks,financials,,
FRPT,1611647,"Freshpet, Inc.",48058074,2040,Grain Mill Products,consumer,,
FRST,1325670,Primis Financial Corp.,24799072,6022,State Commercial Banks,financials,,
FSBW,1530249,"FS Bancorp, Inc.",7431972,6036,"Savings Institutions, Not Federally Chartered",financials,,
FSI,1069394,FLEXIBLE SOLUTIONS INTERNATIONAL INC,12772498,2890,Miscellaneous Chemical Products,industrials,,
FSLR,1274494,"FIRST SOLAR, INC.",107469788,3674,Semiconductors & Related Devices,software,,
FSS,277509,FEDERAL SIGNAL CORP /DE/,61041611,3711,Motor Vehicles & Passenger Car Bodies,industrials,,
FSTR,352825,FOSTER L B CO,10519763,5051,Wholesale-Metals Service Centers & of fices,industrials,,
FTEK,846913,"FUEL TECH, INC.",31216789,3564,Industrial & Commercial Fans & Blowers & Air Purifing Equip,industrials,,
FTI,1681459,TechnipFMC plc,392164388,3533,Oil & Gas Field Machinery & Equipment,industrials,,
FTK,928054,FLOTEK INDUSTRIES INC/CN/,36220429,2890,Miscellaneous Chemical Products,industrials,,
FTLF,1374328,"FITLIFE BRANDS, INC.",9391072,2833,Medicinal Chemicals & Botanical Products,healthcare,,
FTNT,1262039,"Fortinet, Inc.",733713653,3577,"Computer Peripheral Equipment, NEC",software,,
FTV,1659166,Fortive Corp,304861021,3823,"Industrial Instruments For Measurement, Display, and Control",software,,
FUBO,1484769,FuboTV Inc.,342433118,7812,Services-Motion Picture & Video Tape Production,software,,
FUL,39368,FULLER H B CO,53787411,2891,Adhesives & Sealants,industrials,,
FULT,700564,FULTON FINANCIAL CORP,190914563,6021,National Commercial Banks,financials,,
FUNC,763907,FIRST UNITED CORP/MD/,6453836,6021,National Commercial Banks,financials,,
FUSB,717806,"FIRST US BANCSHARES, INC.",5504709,6022,State Commercial Banks,financials,,
FWDI,38264,"Forward Industries, Inc.",73846883,6199,Finance Services,consumer,,
FWONA,1560385,Liberty Media Corp,0,4833,Television Broadcasting Stations,software,,
FWRD,912728,FORWARD AIR CORP,33780862,4731,Arrangement of  Transportation of  Freight & Cargo,industrials,,
FXA,1353614,Invesco CurrencyShares Australian Dollar Trust,1450000,6221,Commodity Contracts Brokers & Dealers,consumer,,
FXB,1353611,Invesco CurrencyShares British Pound Sterling Trust,600000,6221,Commodity Contracts Brokers & Dealers,consumer,,
FXC,1353612,Invesco CurrencyShares Canadian Dollar Trust,1100000,6221,Commodity Contracts Brokers & Dealers,consumer,,
FXE,1328598,Invesco CurrencyShares Euro Trust,3550000,6221,Commodity Contracts Brokers & Dealers,consumer,,
FXF,1353615,Invesco CurrencyShares Swiss Franc Trust,3950000,6221,Commodity Contracts Brokers & Dealers,consumer,,
FXNC,719402,FIRST NATIONAL CORP /VA/,9042629,6022,State Commercial Banks,financials,,
FXY,1353613,Invesco CurrencyShares Japanese Yen Trust,7600000,6221,Commodity Contracts Brokers & Dealers,consumer,,
GABC,714395,"GERMAN AMERICAN BANCORP, INC.",37578808,6022,State Commercial Banks,financials,,
GAIA,1089872,"GAIA, INC",0,7812,Services-Motion Picture & Video Tape Production,software,,
GALT,1133416,GALECTIN THERAPEUTICS INC,100849644,2834,Pharmaceutical Preparations,healthcare,,
GAP,39911,GAP INC,351270137,5651,Retail-Family Clothing Stores,consumer,,
GATX,40211,GATX CORP,35300000,4700,Transportation Services,industrials,,
GBCI,868671,"GLACIER BANCORP, INC.",130211953,6022,State Commercial Banks,financials,,
GBLI,1494904,"Global Indemnity Group, LLC",0,6331,"Fire, Marine & Casualty Insurance",financials,,
GBR,105744,"New Concept Energy, Inc.",5131934,1311,Crude Petroleum & Natural Gas,energy,,
GBX,923120,GREENBRIER COMPANIES INC,30939686,3743,Railroad Equipment,industrials,,
GCBC,1070524,GREENE COUNTY BANCORP INC,17025485,6036,"Savings Institutions, Not Federally Chartered",financials,,
GCO,18498,GENESCO INC,11106973,5661,Retail-Shoe Stores,consumer,,
GCTK,1506983,"Glucotrack, Inc.",10578822,3841,Surgical & Medical Instruments & Apparatus,healthcare,,
GD,40533,GENERAL DYNAMICS CORP,270430187,3730,Ship & Boat Building & Repairing,industrials,,
GDC,1641398,GD Culture Group Ltd,4162500,5050,Wholesale-Metals & Minerals (No Petroleum),industrials,,
GDDY,1609711,GoDaddy Inc.,126647704,7373,Services-Computer Integrated Systems Design,software,,
GDOT,1386278,GREEN DOT CORP,56985179,6199,Finance Services,consumer,,
GE,40545,GENERAL ELECTRIC CO,1037562513,3600,Electronic & Other Electrical Equipment (No Computer Equip),industrials,,
GEF,43920,"GREIF, INC",0,3412,"Metal Shipping Barrels, Drums, Kegs & Pails",industrials,,
GEL,1022321,GENESIS ENERGY LP,88650988,4610,Pipe Lines (No Natural Gas),industrials,,
GEN,849399,Gen Digital Inc.,598587032,7372,Services-Prepackaged Software,software,,
GENC,64472,GENCOR INDUSTRIES INC,8008632,3531,Construction Machinery & Equip,industrials,,
GEO,923796,GEO GROUP INC,131619584,1520,General Bldg Contractors - Residential Bldgs,industrials,,
GEOS,1001115,GEOSPACE TECHNOLOGIES CORP,12935603,3829,"Measuring & Controlling Devices, NEC",industrials,,
GERN,886744,GERON CORP,642473409,2834,Pharmaceutical Preparations,healthcare,,
GEVO,1392380,"Gevo, Inc.",247237104,2860,Industrial Organic Chemicals,industrials,,
GFF,50725,GRIFFON CORP,45294716,3442,"Metal Doors, Sash, Frames, Moldings & Trim",industrials,,
GGG,42888,GRACO INC,161953824,3561,Pumps & Pumping Equipment,industrials,,
GH,1576280,"Guardant Health, Inc.",134196170,8071,Services-Medical Laboratories,healthcare,,
GHI,1059142,Greystone Housing Impact Investors LP,23562510,6199,Finance Services,consumer,,
GHM,716314,GRAHAM CORP,11737033,3560,General Industrial Machinery & Equipment,industrials,,
GIC,945114,GLOBAL INDUSTRIAL Co,38108341,5084,Wholesale-Industrial Machinery & Equipment,industrials,,
GIII,821002,G III APPAREL GROUP LTD /DE/,42876508,2300,Apparel & Other Finishd Prods of  Fabrics & Similar Matl,consumer,,
GIS,40704,GENERAL MILLS INC,533708396,2040,Grain Mill Products,consumer,,
GKOS,1192448,GLAUKOS Corp,58983937,3841,Surgical & Medical Instruments & Apparatus,healthcare,,
GL,320335,GLOBE LIFE INC.,76849447,6311,Life Insurance,financials,,
GLD,1222333,SPDR GOLD TRUST,352400000,6221,Commodity Contracts Brokers & Dealers,consumer,,
GLP,1323468,GLOBAL PARTNERS LP,33995563,5171,Wholesale-Petroleum Bulk Stations & Terminals,industrials,,
GLRE,1385613,"GREENLIGHT CAPITAL RE, LTD.",32641344,6331,"Fire, Marine & Casualty Insurance",financials,,
GLTR,1483386,abrdn Precious Metals Basket ETF Trust,13700000,6221,Commodity Contracts Brokers & Dealers,consumer,,
GLW,24741,CORNING INC /NY,860637825,3357,Drawing & Insulating of  Nonferrous Wire,industrials,,
GM,1467858,General Motors Co,877451541,3711,Motor Vehicles & Passenger Car Bodies,industrials,,
GME,1326380,GameStop Corp.,448691257,5734,Retail-Computer & Computer Software Stores,consumer,,
GMED,1237831,GLOBUS MEDICAL INC,134261914,3841,Surgical & Medical Instruments & Apparatus,healthcare,,
GNK,1326200,GENCO SHIPPING & TRADING LTD,43586605,4412,Deep Sea Foreign Transportation of  Freight,industrials,,
GNPX,1595248,"Genprex, Inc.",819709,2834,Pharmaceutical Preparations,healthcare,,
GNRC,1474735,GENERAC HOLDINGS INC.,59006361,3621,Motors & Generators,industrials,,
GNSS,924383,Genasys Inc.,45542009,3651,Household Audio & Video Equipment,industrials,,
GNTX,355811,GENTEX CORP,210683331,3714,Motor Vehicle Parts & Accessories,industrials,,
GNW,1276520,GENWORTH FINANCIAL INC,377851037,6311,Life Insurance,financials,,
GOLD,1591588,"Gold.com, Inc.",28474036,5094,"Wholesale-Jewelry, Watches, Precious Stones & Metals",industrials,,
GOLF,1672013,Acushnet Holdings Corp.,58405044,3949,"Sporting & Athletic Goods, NEC",industrials,,
GOOG,1652044,Alphabet Inc.,0,7370,"Services-Computer Programming, Data Processing, Etc.",software,,
GOVX,832489,"GeoVax Labs, Inc.",7369243,2834,Pharmaceutical Preparations,healthcare,,
GPC,40987,GENUINE PARTS CO,137859758,5013,Wholesale-Motor Vehicle Supplies & New Parts,industrials,,
GPI,1031203,GROUP 1 AUTOMOTIVE INC,11922225,5500,Retail-Auto Dealers & Gasoline Stations,consumer,,
GPK,1408075,GRAPHIC PACKAGING HOLDING CO,296071573,2650,Paperboard Containers & Boxes,industrials,,
GPOR,874499,GULFPORT ENERGY CORP,17683866,1311,Crude Petroleum & Natural Gas,energy,,
GPRE,1309402,Green Plains Inc.,70095328,2860,Industrial Organic Chemicals,industrials,,
GPRO,1500435,"GoPro, Inc.",0,3861,Photographic Equipment & Supplies,industrials,,
GPUS,896493,"Hyperscale Data, Inc.",1529995,3533,Oil & Gas Field Machinery & Equipment,industrials,,
GRBK,1373670,"Green Brick Partners, Inc.",43010696,1531,Operative Builders,industrials,,
GRC,42682,GORMAN RUPP CO,26410243,3561,Pumps & Pumping Equipment,industrials,,
GRMN,1121788,GARMIN LTD,192856206,3812,"Search, Detection, Navigation, Guidance, Aeronautical Sys",industrials,,
GROW,754811,U S GLOBAL INVESTORS INC,10484211,6282,Investment Advice,consumer,,
GRWG,1604868,GrowGeneration Corp.,58920449,5200,"Retail-Building Materials, Hardware, Garden Supply",consumer,,
GS,886982,GOLDMAN SACHS GROUP INC,291171408,6211,"Security Brokers, Dealers & Flotation Companies",consumer,,
GSBC,854560,"GREAT SOUTHERN BANCORP, INC.",10897507,6022,State Commercial Banks,financials,,
GSG,1332174,iShares S&P GSCI Commodity-Indexed Trust,28950000,6221,Commodity Contracts Brokers & Dealers,consumer,,
GSIT,1126741,GSI TECHNOLOGY INC,38432590,3674,Semiconductors & Related Devices,software,,
GT,42582,GOODYEAR TIRE & RUBBER CO /OH/,287898737,3011,Tires & Inner Tubes,industrials,,
GTBP,109657,"GT Biopharma, Inc.",45109497,2834,Pharmaceutical Preparations,healthcare,,
GTE,1273441,GRAN TIERRA ENERGY INC.,35380429,1311,Crude Petroleum & Natural Gas,energy,,
GTES,1718512,Gates Industrial Corp Ltd.,253151170,3560,General Industrial Machinery & Equipment,industrials,,
GTIM,825324,Good Times Restaurants Inc.,10557896,5812,Retail-Eating  Places,consumer,,
GTN,43196,"GRAY MEDIA, INC",0,4833,Television Broadcasting Stations,software,,
GTX,1735707,Garrett Motion Inc.,187188503,3714,Motor Vehicle Parts & Accessories,industrials,,
GURE,885462,"GULF RESOURCES, INC.",1813531,2800,Chemicals & Allied Products,industrials,,
GVA,861459,GRANITE CONSTRUCTION INC,43764510,1600,Heavy Construction Other Than Bldg Const - Contractors,industrials,,
GWAV,1589149,"Greenwave Technology Solutions, Inc.",829631,5051,Wholesale-Metals Service Centers & of fices,industrials,,
GWRE,1528396,"Guidewire Software, Inc.",83256364,7372,Services-Prepackaged Software,software,,
GWW,277135,"W.W. GRAINGER, INC.",47100942,5000,Wholesale-Durable Goods,industrials,,
GYRE,1124105,"GYRE THERAPEUTICS, INC.",111509849,2834,Pharmaceutical Preparations,healthcare,,
H,1468174,Hyatt Hotels Corp,0,7011,Hotels & Motels,consumer,,
HAE,313143,HAEMONETICS CORP,45497051,3841,Surgical & Medical Instruments & Apparatus,healthcare,,
HAFC,1109242,HANMI FINANCIAL CORP,29649255,6021,National Commercial Banks,financials,,
HAIN,910406,HAIN CELESTIAL GROUP INC,90253483,2000,Food and Kindred Products,consumer,,
HAL,45012,HALLIBURTON CO,833130367,1389,"Oil & Gas Field Services, NEC",energy,,
HAPN,1409970,"Happen, Inc.",115407464,6141,Personal Credit Institutions,financials,,
HAS,46080,"HASBRO, INC.",141044467,3944,"Games, Toys & Children's Vehicles (No Dolls & Bicycles)",industrials,,
HASI,1561894,"HA Sustainable Infrastructure Capital, Inc.",128495790,6799,"Investors, NEC",financials,,
HBAN,49196,HUNTINGTON BANCSHARES INC /MD/,2027130587,6021,National Commercial Banks,financials,,
HBB,1709164,Hamilton Beach Brands Holding Co,0,3634,Electric Housewares & Fans,industrials,,
HBCP,1436425,"HOME BANCORP, INC.",7870750,6036,"Savings Institutions, Not Federally Chartered",financials,,
HBIO,1123494,HARVARD BIOSCIENCE INC,4552305,3826,Laboratory Analytical Instruments,software,,
HBNC,706129,HORIZON BANCORP INC /IN/,51344519,6022,State Commercial Banks,financials,,
HCA,860730,"HCA Healthcare, Inc.",221839800,8062,"Services-General Medical & Surgical Hospitals, NEC",healthcare,,
HCC,1691303,"WARRIOR MET COAL, INC.",52802087,1220,Silver Ores,energy,,
HCI,1400810,"HCI Group, Inc.",12438867,6331,"Fire, Marine & Casualty Insurance",financials,,
HCSG,731012,HEALTHCARE SERVICES GROUP INC,68632202,8050,Services-Nursing & Personal Care Facilities,healthcare,,
HD,354950,"HOME DEPOT, INC.",997689626,5211,Retail-Lumber & Other Building Materials Dealers,consumer,,
HDSN,925528,HUDSON TECHNOLOGIES INC /NY,42088547,5080,"Wholesale-Machinery, Equipment & Supplies",industrials,,
HEI,46619,HEICO CORP,26905966,3724,Aircraft Engines & Engine Parts,industrials,,
HELE,916789,HELEN OF TROY LTD,23292061,3634,Electric Housewares & Fans,industrials,,
HFBL,1500375,"Home Federal Bancorp, Inc. of Louisiana",3053889,6035,"Savings Institution, Federally Chartered",financials,,
HFWA,1046025,HERITAGE FINANCIAL CORP /WA/,40915558,6036,"Savings Institutions, Not Federally Chartered",financials,,
HIG,874766,"HARTFORD INSURANCE GROUP, INC.",270872002,6331,"Fire, Marine & Casualty Insurance",financials,,
HII,1501585,"HUNTINGTON INGALLS INDUSTRIES, INC.",39404598,3730,Ship & Boat Building & Repairing,industrials,,
HIND,1427570,"Vyome Holdings, Inc",7018528,2834,Pharmaceutical Preparations,healthcare,,
HL,719413,HECLA MINING CO/DE/,671768431,1400,Mining & Quarrying of  Nonmetallic Minerals (No Fuels),industrials,,
HLF,1180262,HERBALIFE LTD.,104803380,5122,"Wholesale-Drugs, Proprietaries & Druggists' Sundries",industrials,,
HLI,1302215,"HOULIHAN LOKEY, INC.",0,6282,Investment Advice,consumer,,
HLIO,1024795,"HELIOS TECHNOLOGIES, INC.",32950577,3490,Miscellaneous Fabricated Metal Products,industrials,,
HLIT,851310,HARMONIC INC.,109066445,3663,Radio & Tv Broadcasting & Communications Equipment,software,,
HLNE,1433642,Hamilton Lane INC,0,6282,Investment Advice,consumer,,
HLT,1585689,Hilton Worldwide Holdings Inc.,225064910,7011,Hotels & Motels,consumer,,
HLX,866829,"HORNBECK OFFSHORE SERVICES, INC.",147382447,1389,"Oil & Gas Field Services, NEC",energy,,
HMN,850141,HORACE MANN EDUCATORS CORP /DE/,40501054,6331,"Fire, Marine & Casualty Insurance",financials,,
HNI,48287,HNI CORP,72181800,2522,Office Furniture (No Wood),industrials,,
HNNA,1145255,HENNESSY ADVISORS INC,7904410,6282,Investment Advice,consumer,,
HOFT,1077688,HOOKER FURNISHINGS Corp,10741650,2510,Household Furniture,industrials,,
HOG,793952,"HARLEY-DAVIDSON, INC.",104072507,3751,"Motorcycles, Bicycles & Parts",industrials,,
HOMB,1331520,HOME BANCSHARES INC,200049630,6022,State Commercial Banks,financials,,
HON,773840,HONEYWELL INTERNATIONAL INC,316940010,3724,Aircraft Engines & Engine Parts,industrials,,
HOPE,1128361,HOPE BANCORP INC,127741836,6021,National Commercial Banks,financials,,
HOV,357294,HOVNANIAN ENTERPRISES INC,720307,1531,Operative Builders,industrials,,
HP,46765,"Helmerich & Payne, Inc.",99938945,1381,Drilling Oil & Gas Wells,energy,,
HPE,1645590,Hewlett Packard Enterprise Co,1327464779,3570,Computer & office Equipment,software,,
HPQ,47217,HP INC,901790969,3570,Computer & office Equipment,software,,
HRL,48465,HORMEL FOODS CORP /DE/,0,2011,Meat Packing Plants,consumer,,
HROW,1360214,"HARROW, INC.",37487850,2834,Pharmaceutical Preparations,healthcare,,
HRTG,1598665,"Heritage Insurance Holdings, Inc.",29732416,6331,"Fire, Marine & Casualty Insurance",financials,,
HRTX,818033,"HERON THERAPEUTICS, INC. /DE/",189852307,2834,Pharmaceutical Preparations,healthcare,,
HSDT,1610853,Solana Co,60458703,6199,Finance Services,consumer,,
HSIC,1000228,HENRY SCHEIN INC,111446542,5047,"Wholesale-Medical, Dental & Hospital Equipment & Supplies",industrials,,
HSTM,1095565,HEALTHSTREAM INC,29239955,7370,"Services-Computer Programming, Data Processing, Etc.",software,,
HSY,47111,HERSHEY CO,223805223,2060,Sugar & Confectionery Products,consumer,,
HTB,1538263,"HomeTrust Bancshares, Inc.",16693180,6035,"Savings Institution, Federally Chartered",financials,,
HTH,1265131,Hilltop Holdings Inc.,57286417,6022,State Commercial Banks,financials,,
HTLD,799233,HEARTLAND EXPRESS INC,77332611,4213,Trucking (No Local),industrials,,
HUBB,48898,HUBBELL INC,52841777,3670,Electronic Components & Accessories,software,,
HUBG,940942,"Hub Group, Inc.",37315154,4731,Arrangement of  Transportation of  Freight & Cargo,industrials,,
HUBS,1404655,HUBSPOT INC,49866201,7372,Services-Prepackaged Software,software,,
HUM,49071,HUMANA INC,120061500,6324,Hospital & Medical Service Plans,financials,,
HUN,1307954,Huntsman CORP,175349112,2800,Chemicals & Allied Products,industrials,,
HURA,1498382,"TuHURA Biosciences, Inc./NV",63726617,2834,Pharmaceutical Preparations,healthcare,,
HURC,315374,HURCO COMPANIES INC,6476322,3823,"Industrial Instruments For Measurement, Display, and Control",software,,
HVT,216085,HAVERTY FURNITURE COMPANIES INC,18665189,5712,Retail-Furniture Stores,consumer,,
HWBK,893847,"HAWTHORN BANCSHARES, INC.",6900678,6021,National Commercial Banks,financials,,
HWC,750577,HANCOCK WHITNEY CORP,80223058,6022,State Commercial Banks,financials,,
HWKN,46250,HAWKINS INC,20875117,5160,Wholesale-Chemicals & Allied Products,industrials,,
HWM,4281,Howmet Aerospace Inc.,398801399,3350,Rolling Drawing & Extruding of  Nonferrous Metals,industrials,,
HXL,717605,HEXCEL CORP /DE/,75623452,2821,"Plastic Materials, Synth Resins & Nonvulcan Elastomers",industrials,,
HY,1173514,"HYSTER-YALE, INC.",0,3537,"Industrial Trucks, Tractors, Trailors & Stackers",industrials,,
HYPD,1682639,"HYPERION DEFI, INC.",15539434,2834,Pharmaceutical Preparations,healthcare,,
HZO,1057060,MARINEMAX INC,22086746,5531,Retail-Auto & Home Supply Stores,consumer,,
IA,836690,INNOVATIVE SOLUTIONS & SUPPORT INC,17899173,7371,Services-Computer Programming Services,software,,
IART,917520,INTEGRA LIFESCIENCES HOLDINGS CORP,77772506,3841,Surgical & Medical Instruments & Apparatus,healthcare,,
IAU,1278680,ISHARES GOLD TRUST,788600000,6221,Commodity Contracts Brokers & Dealers,consumer,,
IBCP,39311,INDEPENDENT BANK CORP /MI/,22199295,6022,State Commercial Banks,financials,,
IBIO,1420720,"iBio, Inc.",64307256,2834,Pharmaceutical Preparations,healthcare,,
IBKR,1381197,"Interactive Brokers Group, Inc.",42231651,6211,"Security Brokers, Dealers & Flotation Companies",consumer,,
IBM,51143,INTERNATIONAL BUSINESS MACHINES CORP,942134390,3570,Computer & office Equipment,software,,
IBOC,315709,INTERNATIONAL BANCSHARES CORP,62191514,6022,State Commercial Banks,financials,,
IBP,1580905,"Installed Building Products, Inc.",26579177,1520,General Bldg Contractors - Residential Bldgs,industrials,,
ICCC,811641,IMMUCELL CORP /DE/,9082197,2835,In Vitro & In Vivo Diagnostic Substances,healthcare,,
ICE,1571949,"Intercontinental Exchange, Inc.",561394487,6200,"Security & Commodity Brokers, Dealers, Exchanges & Services",consumer,,
ICHR,1652535,"ICHOR HOLDINGS, LTD.",37454229,3674,Semiconductors & Related Devices,software,,
ICUI,883984,ICU MEDICAL INC/DE,25007038,3841,Surgical & Medical Instruments & Apparatus,healthcare,,
IDCC,1405495,"InterDigital, Inc.",25806007,6794,Patent Owners & Lessors,financials,,
IDN,1040896,"Intellicheck, Inc.",20266743,7372,Services-Prepackaged Software,software,,
IDR,1030192,"Idaho Strategic Resources, Inc.",15826170,1040,Gold and Silver Ores,industrials,,
IDXX,874716,IDEXX LABORATORIES INC /DE,78781116,2835,In Vitro & In Vivo Diagnostic Substances,healthcare,,
IEP,813762,ICAHN ENTERPRISES L.P.,710915093,2911,Petroleum Refining,energy,,
IESC,1048268,"IES Holdings, Inc.",19924356,1731,Electrical Work,industrials,,
IEX,832101,IDEX CORP /DE/,73719896,3561,Pumps & Pumping Equipment,industrials,,
IFF,51253,INTERNATIONAL FLAVORS & FRAGRANCES INC,255149963,2860,Industrial Organic Chemicals,industrials,,
IGC,1326205,"IGC Pharma, Inc.",103384008,2834,Pharmaceutical Preparations,healthcare,,
IHRT,1400891,"iHeartMedia, Inc.",0,4832,Radio Broadcasting Stations,software,,
IIIN,764401,INSTEEL INDUSTRIES INC,19358247,3310,"Steel Works, Blast Furnaces & Rolling & Finishing Mills",industrials,,
IIIV,1728688,"i3 Verticals, Inc.",0,7372,Services-Prepackaged Software,software,,
ILMN,1110803,"ILLUMINA, INC.",151000000,3826,Laboratory Analytical Instruments,software,,
IMAX,921582,IMAX CORP,54842114,3861,Photographic Equipment & Supplies,industrials,,
IMDX,1642380,Insight Molecular Diagnostics Inc.,32724284,2835,In Vitro & In Vivo Diagnostic Substances,healthcare,,
IMKTA,50493,INGLES MARKETS INC,0,5411,Retail-Grocery Stores,consumer,,
IMMR,1058811,IMMERSION CORP,33191901,3577,"Computer Peripheral Equipment, NEC",software,,
IMNN,749647,"Imunon, Inc.",5611403,2834,Pharmaceutical Preparations,healthcare,,
IMUX,1280776,"IMMUNIC, INC.",13644467,2834,Pharmaceutical Preparations,healthcare,,
INBK,1562463,First Internet Bancorp,8733574,6022,State Commercial Banks,financials,,
INDB,776901,INDEPENDENT BANK CORP,47369099,6022,State Commercial Banks,financials,,
INFU,1337013,"InfuSystem Holdings, Inc",19917181,3841,Surgical & Medical Instruments & Apparatus,healthcare,,
INGN,1294133,Inogen Inc,26538337,3842,"Orthopedic, Prosthetic & Surgical Appliances & Supplies",healthcare,,
INGR,1046257,Ingredion Inc,63063979,2040,Grain Mill Products,consumer,,
INLX,1081745,"INTELLINETICS, INC.",4494994,7372,Services-Prepackaged Software,software,,
INO,1055726,"INOVIO PHARMACEUTICALS, INC.",103397518,2834,Pharmaceutical Preparations,healthcare,,
INOD,903651,INNODATA INC,34382651,7374,Services-Computer Processing & Data Preparation,software,,
IP,51434,INTERNATIONAL PAPER CO /NEW/,529569895,2621,Paper Mills,industrials,,
INSE,1615063,"Inspired Entertainment, Inc.",26358372,7372,Services-Prepackaged Software,software,,
INSG,1022652,INSEEGO CORP.,16420592,3669,"Communications Equipment, NEC",software,,
INSM,1104506,INSMED Inc,218381503,2834,Pharmaceutical Preparations,healthcare,,
INSP,1609550,"Inspire Medical Systems, Inc.",28910375,3841,Surgical & Medical Instruments & Apparatus,healthcare,,
INSW,1679049,"International Seaways, Inc.",49531311,4400,Water Transportation,industrials,,
INTC,50863,INTEL CORP,5044000000,3674,Semiconductors & Related Devices,software,,
INTT,1036262,INTEST CORP,12564657,3825,Instruments For Meas & Testing of  Electricity & Elec Signals,software,,
INTU,896878,INTUIT INC.,273537000,7372,Services-Prepackaged Software,software,,
INTZ,736012,INTRUSION INC,24506953,3576,Computer Communications Equipment,software,,
INVA,1080014,"Innoviva, Inc.",72245485,2834,Pharmaceutical Preparations,healthcare,,
INVE,1036044,"Identiv, Inc.",24235753,3577,"Computer Peripheral Equipment, NEC",software,,
INVX,1042893,"Innovex International, Inc.",69935827,3533,Oil & Gas Field Machinery & Equipment,industrials,,
IONS,874015,IONIS PHARMACEUTICALS INC,166184322,2834,Pharmaceutical Preparations,healthcare,,
IOSP,1054905,INNOSPEC INC.,24631047,2800,Chemicals & Allied Products,industrials,,
IPAR,822663,INTERPARFUMS INC,32025781,2844,"Perfumes, Cosmetics & Other Toilet Preparations",consumer,,
IPDN,1546296,"Professional Diversity Network, Inc.",14450323,7370,"Services-Computer Programming, Data Processing, Etc.",software,,
IPGP,1111928,IPG PHOTONICS CORP,42534539,3674,Semiconductors & Related Devices,software,,
IPI,1421461,"Intrepid Potash, Inc.",13456674,1400,Mining & Quarrying of  Nonmetallic Minerals (No Fuels),industrials,,
IPM,1355839,INTELLIGENT PROTECTION MANAGEMENT CORP.,9035729,7370,"Services-Computer Programming, Data Processing, Etc.",software,,
IPWR,1507957,Ideal Power Inc.,16434655,3674,Semiconductors & Related Devices,software,,
IR,1699150,Ingersoll Rand Inc.,387999429,3560,General Industrial Machinery & Equipment,industrials,,
IRD,1228627,"Opus Genetics, Inc.",83195823,2834,Pharmaceutical Preparations,healthcare,,
IRIX,1006045,IRIDEX CORP,17564912,3845,Electromedical & Electrotherapeutic Apparatus,healthcare,,
IRMD,1325618,IRADIMED CORP,12786991,3841,Surgical & Medical Instruments & Apparatus,healthcare,,
IRTC,1388658,"iRhythm Holdings, Inc.",32963003,3841,Surgical & Medical Instruments & Apparatus,healthcare,,
IRWD,1446847,IRONWOOD PHARMACEUTICALS INC,165239947,2834,Pharmaceutical Preparations,healthcare,,
ISBA,842517,ISABELLA BANK CORP,7628873,6022,State Commercial Banks,financials,,
ISRG,1035267,INTUITIVE SURGICAL INC,353278038,3842,"Orthopedic, Prosthetic & Surgical Appliances & Supplies",healthcare,,
ISTR,1602658,Investar Holding Corp,13777026,6022,State Commercial Banks,financials,,
ITGR,1114483,Integer Holdings Corp,33992048,3845,Electromedical & Electrotherapeutic Apparatus,healthcare,,
ITIC,720858,INVESTORS TITLE CO,1887996,6361,Title Insurance,financials,,
ITP,1358190,"IT TECH PACKAGING, INC.",16965420,2670,Converted Paper & Paperboard Prods (No Contaners/Boxes),industrials,,
ITRI,780571,"ITRON, INC.",43786753,3825,Instruments For Meas & Testing of  Electricity & Elec Signals,software,,
ITT,216228,ITT INC.,89400000,3561,Pumps & Pumping Equipment,industrials,,
ITW,49826,ILLINOIS TOOL WORKS INC,284800000,3560,General Industrial Machinery & Equipment,industrials,,
IVDA,1397183,"Iveda Solutions, Inc.",12519027,7372,Services-Prepackaged Software,software,,
IVF,1417926,"INVO Fertility, Inc.",2506969,3841,Surgical & Medical Instruments & Apparatus,healthcare,,
IVZ,914208,Invesco Ltd.,441499780,6282,Investment Advice,consumer,,
J,52988,JACOBS SOLUTIONS INC.,117038611,1600,Heavy Construction Other Than Bldg Const - Contractors,industrials,,
JACK,807882,JACK IN THE BOX INC,19179330,5812,Retail-Eating  Places,consumer,,
JAGX,1585608,"Jaguar Health, Inc.",171350166,2834,Pharmaceutical Preparations,healthcare,,
JAKK,1009829,JAKKS PACIFIC INC,11445012,3944,"Games, Toys & Children's Vehicles (No Dolls & Bicycles)",industrials,,
JAZZ,1232524,Jazz Pharmaceuticals plc,64914577,2834,Pharmaceutical Preparations,healthcare,,
JBHT,728535,HUNT J B TRANSPORT SERVICES INC,93914939,4213,Trucking (No Local),industrials,,
JBL,898293,JABIL INC,104787089,3672,Printed Circuit Boards,software,,
JBLU,1158463,JETBLUE AIRWAYS CORP,377312181,4512,"Air Transportation, Scheduled",industrials,,
JBSS,880117,SANFILIPPO JOHN B & SON INC,8121180,2060,Sugar & Confectionery Products,consumer,,
JBTM,1433660,JBT MAREL Corp,51876817,3550,Special Industry Machinery (No Metalworking Machinery),industrials,,
JCI,833444,Johnson Controls International plc,610115603,3585,Air-Cond & Warm Air Heatg Equip & Comm & Indl Refrig Equip,industrials,,
JCTC,885307,JEWETT CAMERON TRADING CO LTD,3520113,5211,Retail-Lumber & Other Building Materials Dealers,consumer,,
JEF,96223,Jefferies Financial Group Inc.,204432307,6211,"Security Brokers, Dealers & Flotation Companies",consumer,,
JELD,1674335,"JELD-WEN Holding, Inc.",86763382,2430,"Millwood, Veneer, Plywood, & Structural Wood Members",industrials,,
JILL,1687932,"J.Jill, Inc.",14951415,2330,"Women's, Misses':  and Juniors Outerwear",consumer,,
JJSF,785956,J&J SNACK FOODS CORP,18681608,2052,Cookies & Crackers,consumer,,
JKHY,779152,JACK HENRY & ASSOCIATES INC,70112608,7373,Services-Computer Integrated Systems Design,software,,
JNJ,200406,JOHNSON & JOHNSON,2409898597,2834,Pharmaceutical Preparations,healthcare,,
JOUT,788329,JOHNSON OUTDOORS INC,0,3949,"Sporting & Athletic Goods, NEC",industrials,,
JRSH,1696558,"Jerash Holdings (US), Inc.",12699940,2300,Apparel & Other Finishd Prods of  Fabrics & Similar Matl,consumer,,
JRVR,1620459,"James River Group Holdings, Inc.",46239030,6331,"Fire, Marine & Casualty Insurance",financials,,
JSM,1593538,NAVIENT CORP,93783828,6211,"Security Brokers, Dealers & Flotation Companies",consumer,,
JVA,1007019,COFFEE HOLDING CO INC,5708599,2090,Miscellaneous Food Preparations & Kindred Products,consumer,,
JYNT,1612630,JOINT Corp,14143154,6794,Patent Owners & Lessors,financials,,
KAI,886346,KADANT INC,11809117,3550,Special Industry Machinery (No Metalworking Machinery),industrials,,
KALA,1479419,"KALA BIO, Inc.",19339786,2834,Pharmaceutical Preparations,healthcare,,
KALU,811596,KAISER ALUMINUM CORP,16349092,3350,Rolling Drawing & Extruding of  Nonferrous Metals,industrials,,
KBH,795266,KB HOME,61309728,1531,Operative Builders,industrials,,
KBR,1357615,"KBR, INC.",126067755,1600,Heavy Construction Other Than Bldg Const - Contractors,industrials,,
KDP,1418135,Keurig Dr Pepper Inc.,1360826038,2080,Beverages,consumer,,
KE,1606757,"Kimball Electronics, Inc.",23966995,3672,Printed Circuit Boards,software,,
KEQU,55529,KEWAUNEE SCIENTIFIC CORP /DE/,2870410,3821,Laboratory Apparatus & Furniture,software,,
KEX,56047,KIRBY CORP,52800000,4400,Water Transportation,industrials,,
KEY,91576,KEYCORP /NEW/,1067128554,6021,National Commercial Banks,financials,,
KEYS,1601046,"Keysight Technologies, Inc.",170244745,3823,"Industrial Instruments For Measurement, Display, and Control",software,,
KFFB,1297341,Kentucky First Federal Bancorp,8086715,6035,"Savings Institution, Federally Chartered",financials,,
KHC,1637459,Kraft Heinz Co,1185823758,2030,"Canned, Frozen & Preservd Fruit, Veg & Food Specialties",consumer,,
KIDS,1425450,ORTHOPEDIATRICS CORP,26109788,3841,Surgical & Medical Instruments & Apparatus,healthcare,,
KINS,33992,"KINGSTONE COMPANIES, INC.",14476133,6331,"Fire, Marine & Casualty Insurance",financials,,
KKR,1404912,KKR & Co. Inc.,897635601,6282,Investment Advice,consumer,,
KLAC,319201,KLA CORP,1306546783,3827,Optical Instruments & Lenses,software,,
KLIC,56978,KULICKE & SOFFA INDUSTRIES INC,52329115,3674,Semiconductors & Related Devices,software,,
KMB,55785,KIMBERLY CLARK CORP,332579038,2670,Converted Paper & Paperboard Prods (No Contaners/Boxes),industrials,,
KMPB,860748,KEMPER Corp,58923154,6331,"Fire, Marine & Casualty Insurance",financials,,
KMT,55242,KENNAMETAL INC,76219022,3541,"Machine Tools, Metal Cutting Types",industrials,,
KMX,1170010,CARMAX INC,141911096,5500,Retail-Auto Dealers & Gasoline Stations,consumer,,
KN,1587523,Knowles Corp,85560660,3651,Household Audio & Video Equipment,industrials,,
KNSL,1669162,"Kinsale Capital Group, Inc.",22778425,6331,"Fire, Marine & Casualty Insurance",financials,,
KNX,1492691,Knight-Swift Transportation Holdings Inc.,162494000,4213,Trucking (No Local),industrials,,
KO,21344,COCA COLA CO,4302482418,2080,Beverages,consumer,,
KODK,31235,EASTMAN KODAK CO,97900000,3861,Photographic Equipment & Supplies,industrials,,
KOP,1315257,Koppers Holdings Inc.,18911568,2400,Lumber & Wood Products (No Furniture),industrials,,
KOPN,771266,KOPIN CORP,185872614,3674,Semiconductors & Related Devices,software,,
KOS,1509991,Kosmos Energy Ltd.,595487651,1311,Crude Petroleum & Natural Gas,energy,,
KOSS,56701,KOSS CORP,9466438,3651,Household Audio & Video Equipment,industrials,,
KPRX,1372514,KIORA PHARMACEUTICALS INC,4424387,2834,Pharmaceutical Preparations,healthcare,,
KPTI,1503802,Karyopharm Therapeutics Inc.,22681460,2834,Pharmaceutical Preparations,healthcare,,
KR,56873,KROGER CO,612647282,5411,Retail-Grocery Stores,consumer,,
KRMD,704440,"KORU Medical Systems, Inc.",46171902,3841,Surgical & Medical Instruments & Apparatus,healthcare,,
KRNY,1617242,Kearny Financial Corp.,64929382,6035,"Savings Institution, Federally Chartered",financials,,
KRO,1257640,KRONOS WORLDWIDE INC,115097516,2810,Industrial Inorganic Chemicals,industrials,,
KSS,885639,KOHLS Corp,113376445,5311,Retail-Department Stores,consumer,,
KTCC,719733,KEY TRONIC CORP,10859269,3672,Printed Circuit Boards,software,,
KTOS,1069258,"KRATOS DEFENSE & SECURITY SOLUTIONS, INC.",187721327,3760,Guided Missiles & Space Vehicles & Parts,industrials,,
KULR,1662684,"KULR Technology Group, Inc.",46280322,3670,Electronic Components & Accessories,software,,
KURA,1422143,"Kura Oncology, Inc.",88960619,2834,Pharmaceutical Preparations,healthcare,,
KUST,1342958,"KUSTOM ENTERTAINMENT, INC.",6506860,3663,Radio & Tv Broadcasting & Communications Equipment,software,,
KWR,81362,QUAKER CHEMICAL CORP,17207702,2990,Miscellaneous Products of  Petroleum & Coal,energy,,
KWY,1072627,KINGSWAY Corp,28931000,6331,"Fire, Marine & Casualty Insurance",financials,,
KYNB,921299,"KYNTRA BIO, INC.",4049124,2834,Pharmaceutical Preparations,healthcare,,
L,60086,LOEWS CORP,204427720,6331,"Fire, Marine & Casualty Insurance",financials,,
LAB,1162194,STANDARD BIOTOOLS INC.,392578808,2834,Pharmaceutical Preparations,healthcare,,
LAD,1023128,LITHIA MOTORS INC,21983116,5500,Retail-Auto Dealers & Gasoline Stations,consumer,,
LAKE,798081,LAKELAND INDUSTRIES INC,9869164,3842,"Orthopedic, Prosthetic & Surgical Appliances & Supplies",healthcare,,
LARK,1141688,LANDMARK BANCORP INC,6100534,6021,National Commercial Banks,financials,,
LASR,1124796,"NLIGHT, INC.",57690197,3674,Semiconductors & Related Devices,software,,
LAZ,1311370,"Lazard, Inc.",111687255,6282,Investment Advice,consumer,,
LBRT,1694028,Liberty Energy Inc.,0,1389,"Oil & Gas Field Services, NEC",energy,,
LBTYA,1570585,Liberty Global Ltd.,0,4841,Cable & Other Pay Television Services,software,,
LCII,763744,LCI INDUSTRIES,24311507,3714,Motor Vehicle Parts & Accessories,industrials,,
LCNB,1074902,LCNB CORP,14254988,6021,National Commercial Banks,financials,,
LCUT,874396,"LIFETIME BRANDS, INC",22988836,3420,"Cutlery, Handtools & General Hardware",industrials,,
LDOS,1336920,"Leidos Holdings, Inc.",125492209,7373,Services-Computer Integrated Systems Design,software,,
LE,799288,"LANDS' END, INC.",29544154,5651,Retail-Family Clothing Stores,consumer,,
LEA,842162,LEAR CORP,49324764,3714,Motor Vehicle Parts & Accessories,industrials,,
LECO,59527,LINCOLN ELECTRIC HOLDINGS INC,54505757,3540,Metalworkg Machinery & Equipment,industrials,,
LEDS,1333822,SemiLEDs Corp,8273403,3674,Semiconductors & Related Devices,software,,
LEE,58361,"LEE ENTERPRISES, Inc",22292044,2711,Newspapers: Publishing or  Publishing & Printing,software,,
LEN,920760,LENNAR CORP /NEW/,0,1520,General Bldg Contractors - Residential Bldgs,industrials,,
LEU,1065059,CENTRUS ENERGY CORP,13673933,1400,Mining & Quarrying of  Nonmetallic Minerals (No Fuels),industrials,,
LEVI,94845,LEVI STRAUSS & CO,37602843,2300,Apparel & Other Finishd Prods of  Fabrics & Similar Matl,consumer,,
LEXX,1348362,Lexaria Bioscience Corp.,24787446,2834,Pharmaceutical Preparations,healthcare,,
LFCR,1005286,"LIFECORE BIOMEDICAL, INC. DE",37853060,2834,Pharmaceutical Preparations,healthcare,,
LFMD,948320,"LifeMD, Inc.",48200837,8011,Services-Offices & Clinics of  Doctors of  Medicine,healthcare,,
LFUS,889331,LITTELFUSE INC /DE,25288904,3613,Switchgear & Switchboard Apparatus,industrials,,
LFVN,849146,Lifevantage Corp,12527348,2834,Pharmaceutical Preparations,healthcare,,
LFWD,1607962,Lifeward Ltd.,2832016,3842,"Orthopedic, Prosthetic & Surgical Appliances & Supplies",healthcare,,
LGIH,1580670,"LGI Homes, Inc.",23248272,1531,Operative Builders,industrials,,
LGL,61004,LGL GROUP INC,12613149,3679,"Electronic Components, NEC",software,,
LGND,886163,LIGAND PHARMACEUTICALS INC,19935609,2834,Pharmaceutical Preparations,healthcare,,
LH,920148,LABCORP HOLDINGS INC.,81100000,8071,Services-Medical Laboratories,healthcare,,
LHX,202058,"L3HARRIS TECHNOLOGIES, INC. /DE/",186214616,3812,"Search, Detection, Navigation, Guidance, Aeronautical Sys",industrials,,
LII,1069202,LENNOX INTERNATIONAL INC,34799968,3585,Air-Cond & Warm Air Heatg Equip & Comm & Indl Refrig Equip,industrials,,
LILA,1712184,Liberty Latin America Ltd.,0,4841,Cable & Other Pay Television Services,software,,
LIN,1707925,LINDE PLC,460980163,2810,Industrial Inorganic Chemicals,industrials,,
LIND,1512499,"LINDBLAD EXPEDITIONS HOLDINGS, INC.",65619689,4700,Transportation Services,industrials,,
LINK,828146,INTERLINK ELECTRONICS INC,15753409,3577,"Computer Peripheral Equipment, NEC",software,,
LIQT,1307579,LIQTECH INTERNATIONAL INC,32947841,3590,Misc Industrial & Commercial Machinery & Equipment,industrials,,
LITE,1633978,Lumentum Holdings Inc.,89700000,3669,"Communications Equipment, NEC",software,,
LITS,1262104,"Lite Strategy, Inc.",34025200,2834,Pharmaceutical Preparations,healthcare,,
LIVE,1045742,LIVE VENTURES Inc,3071656,5900,Retail-Miscellaneous Retail,consumer,,
LIVN,1639691,LivaNova PLC,55093507,3845,Electromedical & Electrotherapeutic Apparatus,healthcare,,
LKFN,721994,LAKELAND FINANCIAL CORP,24857840,6022,State Commercial Banks,financials,,
LKQ,1065696,LKQ CORP,253002086,5010,Wholesale-Motor Vehicles & Motor Vehicle Parts & Supplies,industrials,,
LLY,59478,ELI LILLY & Co,941357065,2834,Pharmaceutical Preparations,healthcare,,
LMAT,1158895,LEMAITRE VASCULAR INC,22869257,3841,Surgical & Medical Instruments & Apparatus,healthcare,,
LMB,1606163,"Limbach Holdings, Inc.",11924993,1700,Construction - Special Trade Contractors,industrials,,
LMT,936468,LOCKHEED MARTIN CORP,230790753,3760,Guided Missiles & Space Vehicles & Parts,industrials,,
LNAI,1527728,Lunai Bioworks Inc.,36271119,2834,Pharmaceutical Preparations,healthcare,,
LNC,59558,LINCOLN NATIONAL CORP,191447336,6311,Life Insurance,financials,,
LNN,836157,LINDSAY CORP,10168885,3523,Farm Machinery & Equipment,industrials,,
LNTH,1521036,"Lantheus Holdings, Inc.",65272369,2835,In Vitro & In Vivo Diagnostic Substances,healthcare,,
LOB,1462120,"Live Oak Bancshares, Inc.",46283620,6022,State Commercial Banks,financials,,
LOCO,1606366,"El Pollo Loco Holdings, Inc.",30432937,5812,Retail-Eating  Places,consumer,,
LODE,1120970,Comstock Inc.,75993047,2860,Industrial Organic Chemicals,industrials,,
LOGI,1032975,LOGITECH INTERNATIONAL S.A.,143188332,3577,"Computer Peripheral Equipment, NEC",software,,
LOOP,1504678,"Loop Industries, Inc.",48380371,2800,Chemicals & Allied Products,industrials,,
LOW,60667,LOWES COMPANIES INC,561054019,5211,Retail-Lumber & Other Building Materials Dealers,consumer,,
LPCN,1535955,Lipocine Inc.,8244253,2834,Pharmaceutical Preparations,healthcare,,
LPG,1596993,DORIAN LPG LTD.,42782681,4412,Deep Sea Foreign Transportation of  Freight,industrials,,
LPLA,1397911,LPL Financial Holdings Inc.,78742290,6200,"Security & Commodity Brokers, Dealers, Exchanges & Services",consumer,,
LPSN,1102993,LIVEPERSON INC,12176027,7372,Services-Prepackaged Software,software,,
LPTH,889971,LIGHTPATH TECHNOLOGIES INC,62789407,3674,Semiconductors & Related Devices,software,,
LPX,60519,LOUISIANA-PACIFIC CORP,69923410,2400,Lumber & Wood Products (No Furniture),industrials,,
LRCX,707549,LAM RESEARCH CORP,1251321000,3559,"Special Industry Machinery, NEC",industrials,,
LRMR,1374690,"Larimar Therapeutics, Inc.",103882937,2834,Pharmaceutical Preparations,healthcare,,
LSAK,1041514,LESAKA TECHNOLOGIES INC,85736223,6099,"Functions Related To Depository Banking, NEC",financials,,
LSCC,855658,LATTICE SEMICONDUCTOR CORP,142030272,3674,Semiconductors & Related Devices,software,,
LSTA,320017,"LISATA THERAPEUTICS, INC.",9010937,2834,Pharmaceutical Preparations,healthcare,,
LSTR,853816,LANDSTAR SYSTEM INC,33928210,4213,Trucking (No Local),industrials,,
LTBR,1084554,LIGHTBRIDGE Corp,37458091,2810,Industrial Inorganic Chemicals,industrials,,
LTRX,1114925,LANTRONIX INC,46705312,3576,Computer Communications Equipment,software,,
LULU,1397187,lululemon athletica inc.,105594064,2300,Apparel & Other Finishd Prods of  Fabrics & Similar Matl,consumer,,
LUV,92380,SOUTHWEST AIRLINES CO,489208201,4512,"Air Transportation, Scheduled",industrials,,
LVO,1491419,"LiveOne, Inc.",13711789,5812,Retail-Eating  Places,consumer,,
LVS,1300514,LAS VEGAS SANDS CORP,647701184,7011,Hotels & Motels,consumer,,
LW,1679273,"Lamb Weston Holdings, Inc.",137481011,2030,"Canned, Frozen & Preservd Fruit, Veg & Food Specialties",consumer,,
LWAY,814586,"Lifeway Foods, Inc.",15106747,2020,Dairy Products,consumer,,
LWLG,1325964,"Lightwave Logic, Inc.",154167255,3080,Miscellaneous Plastics Products,industrials,,
LXFR,1096056,LUXFER HOLDINGS PLC,26759241,2810,Industrial Inorganic Chemicals,industrials,,
LXRX,1062822,"LEXICON PHARMACEUTICALS, INC.",444955934,2834,Pharmaceutical Preparations,healthcare,,
LXU,60714,"LSB INDUSTRIES, INC.",71997504,2810,Industrial Inorganic Chemicals,industrials,,
LYB,1489393,LyondellBasell Industries N.V.,323037952,2860,Industrial Organic Chemicals,industrials,,
LYTS,763532,LSI INDUSTRIES INC,37261336,3640,Electric Lighting & Wiring Equipment,industrials,,
LZB,57131,LA-Z-BOY INC,40052771,2510,Household Furniture,industrials,,
M,794367,"Macy's, Inc.",263037954,5311,Retail-Department Stores,consumer,,
MAGN,41719,Magnera Corp,35800000,2621,Paper Mills,industrials,,
MAMA,1520358,"Mama's Creations, Inc.",47147469,2013,Sausages & Other Prepared Meat Products,consumer,,
MANH,1056696,MANHATTAN ASSOCIATES INC,58304972,7372,Services-Prepackaged Software,software,,
MAR,1048286,MARRIOTT INTERNATIONAL INC /MD/,260766288,7011,Hotels & Motels,consumer,,
MARA,1507605,"MARA Holdings, Inc.",386299297,6199,Finance Services,consumer,,
MAS,62996,MASCO CORP /DE/,201734437,3430,"Heating Equip, Except Elec & Warm Air; & Plumbing Fixtures",industrials,,
MAT,63276,MATTEL INC /DE/,285700000,3942,Dolls & Stuffed Toys,industrials,,
MATV,1000623,"Mativ Holdings, Inc.",55190098,2621,Paper Mills,industrials,,
MATW,63296,MATTHEWS INTERNATIONAL CORP,31213173,3360,Nonferrous Foundries (Castings),industrials,,
MATX,3453,"Matson, Inc.",29903458,4400,Water Transportation,industrials,,
MBI,814585,MBIA INC,51016444,6351,Surety Insurance,financials,,
MBIN,1629019,Merchants Bancorp,45938075,6022,State Commercial Banks,financials,,
MBIO,1680048,"MUSTANG BIO, INC.",24976289,2834,Pharmaceutical Preparations,healthcare,,
MBOT,883975,Microbot Medical Inc.,67164801,3841,Surgical & Medical Instruments & Apparatus,healthcare,,
MBRX,1659617,"Moleculin Biotech, Inc.",19477380,2834,Pharmaceutical Preparations,healthcare,,
MBUU,1590976,"MALIBU BOATS, INC.",0,3730,Ship & Boat Building & Repairing,industrials,,
MBWM,1042729,MERCANTILE BANK CORP,17285929,6022,State Commercial Banks,financials,,
MC,1596967,Moelis & Co,0,6282,Investment Advice,consumer,,
MCB,1476034,Metropolitan Bank Holding Corp.,12397778,6022,State Commercial Banks,financials,,
MCD,63908,MCDONALDS CORP,707641531,5812,Retail-Eating  Places,consumer,,
MCFT,1638290,"MasterCraft Boat Holdings, Inc.",16279890,3730,Ship & Boat Building & Repairing,industrials,,
MCHB,1518715,Mechanics Bancorp,18920808,6022,State Commercial Banks,financials,,
MCHP,827054,MICROCHIP TECHNOLOGY INC,543008691,3674,Semiconductors & Related Devices,software,,
MCHX,1224133,MARCHEX INC,0,7372,Services-Prepackaged Software,software,,
MCK,927653,MCKESSON CORP,116590363,5122,"Wholesale-Drugs, Proprietaries & Druggists' Sundries",industrials,,
MCO,1059556,MOODYS CORP /DE/,173200000,7320,"Services-Consumer Credit Reporting, Collection Agencies",consumer,,
MCRB,1609809,"Seres Therapeutics, Inc.",9941261,2834,Pharmaceutical Preparations,healthcare,,
MCRI,907242,MONARCH CASINO & RESORT INC,17749516,7011,Hotels & Motels,consumer,,
MCY,64996,MERCURY GENERAL CORP,55388627,6331,"Fire, Marine & Casualty Insurance",financials,,
MD,893949,"Pediatrix Medical Group, Inc.",81253271,8060,Services-Hospitals,healthcare,,
MDB,1441816,"MongoDB, Inc.",80556341,7372,Services-Prepackaged Software,software,,
MDGL,1157601,"MADRIGAL PHARMACEUTICALS, INC.",23104126,2834,Pharmaceutical Preparations,healthcare,,
MDLZ,1103982,"Mondelez International, Inc.",1283649766,2000,Food and Kindred Products,consumer,,
MDT,1613103,Medtronic plc,1279137890,3845,Electromedical & Electrotherapeutic Apparatus,healthcare,,
MDU,67716,MDU RESOURCES GROUP INC,210349456,1400,Mining & Quarrying of  Nonmetallic Minerals (No Fuels),industrials,,
MDXG,1376339,"MIMEDX GROUP, INC.",145760468,3841,Surgical & Medical Instruments & Apparatus,healthcare,,
MED,910329,MEDIFAST INC,11180703,2090,Miscellaneous Food Preparations & Kindred Products,consumer,,
MEI,65270,METHODE ELECTRONICS INC,35645053,3678,Electronic Connectors,software,,
MERC,1333274,MERCER INTERNATIONAL INC.,67018033,2611,Pulp Mills,industrials,,
MET,1099219,METLIFE INC,635476927,6311,Life Insurance,financials,,
META,1326801,"Meta Platforms, Inc.",0,7370,"Services-Computer Programming, Data Processing, Etc.",software,,
METC,1687187,"Ramaco Resources, Inc.",44414085,1220,Silver Ores,energy,,
MGLD,1005101,"Marygold Companies, Inc.",42811212,6199,Finance Services,consumer,,
MGM,789570,MGM Resorts International,251592756,7011,Hotels & Motels,consumer,,
MGNI,1595974,"MAGNITE, INC.",143424157,7370,"Services-Computer Programming, Data Processing, Etc.",software,,
MGNX,1125345,MACROGENICS INC,63700187,2834,Pharmaceutical Preparations,healthcare,,
MGPI,835011,MGP INGREDIENTS INC,21371237,5180,"Wholesale-Beer, Wine & Distilled Alcoholic Beverages",industrials,,
MGYR,1337068,"Magyar Bancorp, Inc.",6455383,6035,"Savings Institution, Federally Chartered",financials,,
MHK,851968,MOHAWK INDUSTRIES INC,67738145,2273,Carpets & Rugs,consumer,,
MHLA,1412100,"Maiden Holdings, Ltd.",99682710,6331,"Fire, Marine & Casualty Insurance",financials,,
MHO,799292,"M/I HOMES, INC.",25283031,1531,Operative Builders,industrials,,
MIDD,769520,MIDDLEBY Corp,45222349,3580,Refrigeration & Service Industry Machinery,industrials,,
MIND,926423,"MIND TECHNOLOGY, INC",9089055,3812,"Search, Detection, Navigation, Guidance, Aeronautical Sys",industrials,,
MITK,807863,MITEK SYSTEMS INC,45122374,3577,"Computer Peripheral Equipment, NEC",software,,
MKC,63754,MCCORMICK & CO INC,0,2090,Miscellaneous Food Preparations & Kindred Products,consumer,,
MKL,1096343,MARKEL GROUP INC.,12389958,6331,"Fire, Marine & Casualty Insurance",financials,,
MKSI,1049502,MKS INC,67617558,3823,"Industrial Instruments For Measurement, Display, and Control",software,,
MKTX,1278021,MARKETAXESS HOLDINGS INC,35192891,6211,"Security Brokers, Dealers & Flotation Companies",consumer,,
MLAB,724004,MESA LABORATORIES INC /CO/,5595869,3823,"Industrial Instruments For Measurement, Display, and Control",software,,
MLI,89439,MUELLER INDUSTRIES INC,221181388,3350,Rolling Drawing & Extruding of  Nonferrous Metals,industrials,,
MLKN,66382,"MILLERKNOLL, INC.",68123238,2520,Office Furniture,industrials,,
MLM,916076,MARTIN MARIETTA MATERIALS INC,60065839,1400,Mining & Quarrying of  Nonmetallic Minerals (No Fuels),industrials,,
MLR,924822,MILLER INDUSTRIES INC /TN/,11352184,3713,Truck & Bus Bodies,industrials,,
MLSS,855683,MILESTONE SCIENTIFIC INC.,88739185,3842,"Orthopedic, Prosthetic & Surgical Appliances & Supplies",healthcare,,
MMLP,1176334,MARTIN MIDSTREAM PARTNERS L.P.,39124686,5171,Wholesale-Petroleum Bulk Stations & Terminals,industrials,,
MMM,66740,3M CO,515722417,3841,Surgical & Medical Instruments & Apparatus,healthcare,,
MMSI,856982,MERIT MEDICAL SYSTEMS INC,59710420,3841,Surgical & Medical Instruments & Apparatus,healthcare,,
MSA,66570,MSA Safety Inc,38578289,3842,"Orthopedic, Prosthetic & Surgical Appliances & Supplies",healthcare,,
MNKD,899460,MANNKIND CORP,321540637,2834,Pharmaceutical Preparations,healthcare,,
MNOV,1226616,MEDICINOVA INC,49221246,2834,Pharmaceutical Preparations,healthcare,,
MNPR,1645469,Monopar Therapeutics,6712172,2834,Pharmaceutical Preparations,healthcare,,
MNST,865752,Monster Beverage Corp,979525882,2086,Bottled & Canned Soft Drinks & Carbonated Waters,consumer,,
MO,764180,"ALTRIA GROUP, INC.",1669743926,2111,Cigarettes,consumer,,
MOD,67347,MODINE MANUFACTURING CO,53112708,3714,Motor Vehicle Parts & Accessories,industrials,,
MODD,1074871,"Modular Medical, Inc.",8150823,3841,Surgical & Medical Instruments & Apparatus,healthcare,,
MOG-A,67887,MOOG INC.,0,3590,Misc Industrial & Commercial Machinery & Equipment,industrials,,
MOH,1179929,"MOLINA HEALTHCARE, INC.",52200000,6324,Hospital & Medical Service Plans,financials,,
MORN,1289419,"Morningstar, Inc.",37513571,6282,Investment Advice,consumer,,
MOS,1285785,MOSAIC CO,317895646,2870,Agricultural Chemicals,industrials,,
MOV,72573,MOVADO GROUP INC,0,3873,"Watches, Clocks, Clockwork Operated Devices/Parts",industrials,,
MPAA,918251,MOTORCAR PARTS OF AMERICA INC,18933207,3714,Motor Vehicle Parts & Accessories,industrials,,
MPB,879635,MID PENN BANCORP INC,25335215,6022,State Commercial Banks,financials,,
MPC,1510295,Marathon Petroleum Corp,280824763,2911,Petroleum Refining,energy,,
MPLX,1552000,MPLX LP,1013858251,4610,Pipe Lines (No Natural Gas),industrials,,
MPWR,1280452,"MONOLITHIC POWER SYSTEMS, INC.",49143000,3674,Semiconductors & Related Devices,software,,
MRAM,1438423,EVERSPIN TECHNOLOGIES INC.,24350009,3674,Semiconductors & Related Devices,software,,
MRCY,1049521,MERCURY SYSTEMS INC,60136133,3670,Electronic Components & Accessories,software,,
MRDN,1437925,Meridian Holdings Inc./NV,12669479,7372,Services-Prepackaged Software,software,,
MRK,310158,"Merck & Co., Inc.",2467171638,2834,Pharmaceutical Preparations,healthcare,,
MRKR,1094038,"Marker Therapeutics, Inc.",16673127,2834,Pharmaceutical Preparations,healthcare,,
MRSH,62709,"MARSH & MCLENNAN COMPANIES, INC.",477211268,6411,"Insurance Agents, Brokers & Service",consumer,,
MRTN,799167,MARTEN TRANSPORT LTD,81661669,4213,Trucking (No Local),industrials,,
MS,895421,MORGAN STANLEY,1570566292,6211,"Security Brokers, Dealers & Flotation Companies",consumer,,
MSB,65172,MESABI TRUST,13120010,6795,Mineral Royalty Traders,financials,,
MSBI,1466026,"Midland States Bancorp, Inc.",20752112,6022,State Commercial Banks,financials,,
MSFT,789019,MICROSOFT CORP,7425545491,7372,Services-Prepackaged Software,software,,
MSI,68505,"Motorola Solutions, Inc.",165493788,3663,Radio & Tv Broadcasting & Communications Equipment,software,,
MSM,1003078,MSC INDUSTRIAL DIRECT CO INC,55846298,5084,Wholesale-Industrial Machinery & Equipment,industrials,,
MSN,32621,EMERSON RADIO CORP,21042652,3651,Household Audio & Video Equipment,industrials,,
MSTR,1050446,Strategy Inc,0,6199,Finance Services,consumer,,
MTB,36270,M&T BANK CORP,144416262,6022,State Commercial Banks,financials,,
MTCH,891103,"Match Group, Inc.",229550985,7370,"Services-Computer Programming, Data Processing, Etc.",software,,
MTD,1037646,METTLER TOLEDO INTERNATIONAL INC/,20036559,3826,Laboratory Analytical Instruments,software,,
MTDR,1520006,Matador Resources Co,123754216,1311,Crude Petroleum & Natural Gas,energy,,
MTEX,1056358,MANNATECH INC,1929670,2833,Medicinal Chemicals & Botanical Products,healthcare,,
MTG,876437,MGIC INVESTMENT CORP,205124840,6351,Surety Insurance,financials,,
MTH,833079,Meritage Homes CORP,65174093,1531,Operative Builders,industrials,,
MTNB,1582554,"Matinas BioPharma Holdings, Inc.",14692796,2834,Pharmaceutical Preparations,healthcare,,
MTRN,1104657,MATERION Corp,20833725,3460,Metal Forgings & Stampings,industrials,,
MTRX,866273,MATRIX SERVICE CO,28291921,1700,Construction - Special Trade Contractors,industrials,,
MTSI,1493594,"MACOM Technology Solutions Holdings, Inc.",76370931,3674,Semiconductors & Related Devices,software,,
MTUS,1598428,Metallus Inc.,41449284,3312,"Steel Works, Blast Furnaces & Rolling Mills (Coke Ovens)",industrials,,
MTVA,1638287,MetaVia Inc.,6588101,2834,Pharmaceutical Preparations,healthcare,,
MTW,61986,MANITOWOC CO INC,36061969,3531,Construction Machinery & Equip,industrials,,
MTX,891014,MINERALS TECHNOLOGIES INC,31128762,2810,Industrial Inorganic Chemicals,industrials,,
MTZ,15615,MASTEC INC,80304948,1623,"Water, Sewer, Pipeline, Comm & Power Line Construction",industrials,,
MU,723125,MICRON TECHNOLOGY INC,1129393151,3674,Semiconductors & Related Devices,software,,
MUR,717423,MURPHY OIL CORP,143381125,1311,Crude Petroleum & Natural Gas,energy,,
MUSA,1573516,Murphy USA Inc.,18380347,5500,Retail-Auto Dealers & Gasoline Stations,consumer,,
MUX,314203,McEwen Inc.,61358566,1040,Gold and Silver Ores,industrials,,
MVBF,1277902,MVB FINANCIAL CORP,12967507,6022,State Commercial Banks,financials,,
MVIS,65770,"MICROVISION, INC.",23788425,3679,"Electronic Components, NEC",software,,
MWA,1350593,"Mueller Water Products, Inc.",156125679,3490,Miscellaneous Fabricated Metal Products,industrials,,
MX,1325702,MAGNACHIP SEMICONDUCTOR Corp,36510111,3674,Semiconductors & Related Devices,software,,
MXC,66418,MEXCO ENERGY CORP,2046000,1311,Crude Petroleum & Natural Gas,energy,,
MXL,1288469,"MAXLINEAR, INC",90693191,3674,Semiconductors & Related Devices,software,,
MYE,69488,MYERS INDUSTRIES INC,37618070,3089,"Plastics Products, NEC",industrials,,
MYGN,899923,MYRIAD GENETICS INC,95649645,2835,In Vitro & In Vivo Diagnostic Substances,healthcare,,
MYO,1369290,"MYOMO, INC.",39607854,3842,"Orthopedic, Prosthetic & Surgical Appliances & Supplies",healthcare,,
MYRG,700923,MYR GROUP INC.,15569250,1623,"Water, Sewer, Pipeline, Comm & Power Line Construction",industrials,,
MYSZ,1211805,"My Size, Inc.",728482,7372,Services-Prepackaged Software,software,,
MZTI,57515,MARZETTI CO,27291000,2030,"Canned, Frozen & Preservd Fruit, Veg & Food Specialties",consumer,,
NAGE,1386570,"Niagen Bioscience, Inc.",79126002,2833,Medicinal Chemicals & Botanical Products,healthcare,,
NAII,787253,NATURAL ALTERNATIVES INTERNATIONAL INC,6275229,2833,Medicinal Chemicals & Botanical Products,healthcare,,
NATH,69733,"NATHANS FAMOUS, INC.",4097661,5812,Retail-Eating  Places,consumer,,
NATR,275053,NATURES SUNSHINE PRODUCTS INC,17595520,2834,Pharmaceutical Preparations,healthcare,,
NB,1512228,NIOCORP DEVELOPMENTS LTD,145587048,1000,Metal Mining,industrials,,
NBHC,1475841,National Bank Holdings Corp,44539547,6021,National Commercial Banks,financials,,
NBR,1163739,NABORS INDUSTRIES LTD,15961327,1381,Drilling Oil & Gas Wells,energy,,
NBTB,790359,NBT BANCORP INC,51960061,6021,National Commercial Banks,financials,,
NC,789933,NACCO INDUSTRIES INC,0,1221,Bituminous Coal & Lignite Surface Mining,energy,,
NCLH,1513761,Norwegian Cruise Line Holdings Ltd.,459187846,4400,Water Transportation,industrials,,
NCPL,1414767,Netcapital Inc.,7847899,6199,Finance Services,consumer,,
VYX,70866,NCR Voyix Corp,138069898,3578,Calculating & Accounting Machines (No Electronic Computers),software,,
NCSM,1692427,"NCS Multistage Holdings, Inc.",2624523,1389,"Oil & Gas Field Services, NEC",energy,,
NDAQ,1120193,"NASDAQ, INC.",558977372,6200,"Security & Commodity Brokers, Dealers, Exchanges & Services",consumer,,
NDLS,1275158,NOODLES & Co,5966660,5812,Retail-Eating  Places,consumer,,
NDRA,1681682,ENDRA Life Sciences Inc.,1499838,3845,Electromedical & Electrotherapeutic Apparatus,healthcare,,
NDSN,72331,NORDSON CORP,55699366,3569,"General Industrial Machinery & Equipment, NEC",industrials,,
NEM,1164727,NEWMONT Corp /DE/,1053692271,1040,Gold and Silver Ores,industrials,,
NEOG,711377,NEOGEN CORP,218056016,2835,In Vitro & In Vivo Diagnostic Substances,healthcare,,
NEON,87050,Neonode Inc.,16782922,3679,"Electronic Components, NEC",software,,
NEPH,1196298,NEPHROS INC,10860120,3841,Surgical & Medical Instruments & Apparatus,healthcare,,
NERV,1598646,"Minerva Neurosciences, Inc.",47747559,2834,Pharmaceutical Preparations,healthcare,,
NEU,1282637,NEWMARKET CORP,9196406,2860,Industrial Organic Chemicals,industrials,,
NFLX,1065280,NETFLIX INC,4163939676,7841,Services-Video Tape Rental,software,,
NG,1173420,NOVAGOLD RESOURCES INC,438780614,1040,Gold and Silver Ores,industrials,,
NGNE,1404644,Neurogene Inc.,20011382,2834,Pharmaceutical Preparations,healthcare,,
NGS,1084991,NATURAL GAS SERVICES GROUP INC,12898285,1389,"Oil & Gas Field Services, NEC",energy,,
NGVC,1547459,"Natural Grocers by Vitamin Cottage, Inc.",23045851,5411,Retail-Grocery Stores,consumer,,
NGVT,1653477,Ingevity Corp,34377922,2800,Chemicals & Allied Products,industrials,,
NHC,1047335,NATIONAL HEALTHCARE CORP,15661395,8051,Services-Skilled Nursing Care Facilities,healthcare,,
NHTC,912061,NATURAL HEALTH TRENDS CORP,8577848,5190,Wholesale-Miscellaneous Nondurable Goods,industrials,,
NIC,1174850,NICOLET BANKSHARES INC,20957513,6021,National Commercial Banks,financials,,
NINE,1532286,"Nine Energy Service, Inc.",13949990,1389,"Oil & Gas Field Services, NEC",energy,,
NIXX,1462223,"Nixxy, Inc.",28908839,7371,Services-Computer Programming Services,software,,
NKE,320187,"NIKE, Inc.",855351589,3021,Rubber & Plastics Footwear,consumer,,
NKSH,796534,NATIONAL BANKSHARES INC,6370620,6021,National Commercial Banks,financials,,
NKTR,906709,NEKTAR THERAPEUTICS,34142994,2834,Pharmaceutical Preparations,healthcare,,
NL,72162,"NLI HOLDINGS, INC.",48898734,2810,Industrial Inorganic Chemicals,industrials,,
NMAD,1335105,"NOMAD POWER SOLUTIONS, INC.",16101068,2834,Pharmaceutical Preparations,healthcare,,
NMIH,1547903,"NMI Holdings, Inc.",75217851,6351,Surety Insurance,financials,,
NMTC,1500198,NEUROONE MEDICAL TECHNOLOGIES Corp,9105763,3841,Surgical & Medical Instruments & Apparatus,healthcare,,
NNBR,918541,NN INC,82580864,3540,Metalworkg Machinery & Equipment,industrials,,
NNI,1258602,NELNET INC,0,6141,Personal Credit Institutions,financials,,
NNVC,1379006,"NANOVIRICIDES, INC.",21647000,2834,Pharmaceutical Preparations,healthcare,,
NOC,1133421,NORTHROP GRUMMAN CORP /DE/,142063026,3812,"Search, Detection, Navigation, Guidance, Aeronautical Sys",industrials,,
NODK,1681206,"NI Holdings, Inc.",20404723,6331,"Fire, Marine & Casualty Insurance",financials,,
NOG,1104485,"NORTHERN OIL & GAS, INC.",106549128,1311,Crude Petroleum & Natural Gas,energy,,
NOV,1021860,NOV Inc.,358888480,3533,Oil & Gas Field Machinery & Equipment,industrials,,
NOVT,1076930,NOVANTA INC,37817770,3690,"Miscellaneous Electrical Machinery, Equipment & Supplies",industrials,,
NOW,1373715,"ServiceNow, Inc.",1034000000,7372,Services-Prepackaged Software,software,,
NPK,80172,NATIONAL PRESTO INDUSTRIES INC,7136067,3480,"Ordnance & Accessories, (No Vehicles/Guided Missiles)",industrials,,
NPO,1164863,Enpro Inc.,21167681,3050,"Gaskets, Packg & Sealg Devices & Rubber & Plastics Hose",industrials,,
NRIM,1163370,NORTHRIM BANCORP INC,22244766,6035,"Savings Institution, Federally Chartered",financials,,
NRP,1171486,NATURAL RESOURCE PARTNERS LP,13250412,1221,Bituminous Coal & Lignite Surface Mining,energy,,
NRUC,70502,NATIONAL RURAL UTILITIES COOPERATIVE FINANCE CORP /DC/,0,6159,Miscellaneous Business Credit Institution,financials,,
NSC,702165,NORFOLK SOUTHERN CORP,224608373,4011,"Railroads, Line-Haul Operating",industrials,,
NSIT,932696,INSIGHT ENTERPRISES INC,29348850,5961,Retail-Catalog & Mail-Order Houses,consumer,,
NSPR,1433607,"InspireMD, Inc.",46489118,3841,Surgical & Medical Instruments & Apparatus,healthcare,,
NSSC,69633,"NAPCO SECURITY TECHNOLOGIES, INC",35768437,3669,"Communications Equipment, NEC",software,,
NSYS,722313,NORTECH SYSTEMS INC,2853766,3679,"Electronic Components, NEC",software,,
NTAP,1002047,"NetApp, Inc.",196419005,3572,Computer Storage Devices,software,,
NTCT,1078075,NETSCOUT SYSTEMS INC,72707312,7373,Services-Computer Integrated Systems Design,software,,
NTGR,1122904,"NETGEAR, INC.",27179021,3576,Computer Communications Equipment,software,,
NTIC,875582,NORTHERN TECHNOLOGIES INTERNATIONAL CORP,9496439,3470,"Coating, Engraving & Allied Services",industrials,,
NTIP,1065078,"NETWORK-1 TECHNOLOGIES, INC.",22863181,6794,Patent Owners & Lessors,financials,,
NTLA,1652130,"Intellia Therapeutics, Inc.",140126693,2835,In Vitro & In Vivo Diagnostic Substances,healthcare,,
NTNX,1618732,"Nutanix, Inc.",270320509,7372,Services-Prepackaged Software,software,,
NTRA,1604821,"Natera, Inc.",144144170,8071,Services-Medical Laboratories,healthcare,,
NTRB,1676047,NutriBand Inc.,12155683,3842,"Orthopedic, Prosthetic & Surgical Appliances & Supplies",healthcare,,
NTRP,788611,"NextTrip, Inc.",14919927,4700,Transportation Services,industrials,,
NTRS,73124,NORTHERN TRUST CORP,182955653,6022,State Commercial Banks,financials,,
NTWK,1039280,NETSOL TECHNOLOGIES INC,11876414,7372,Services-Prepackaged Software,software,,
NUE,73309,NUCOR CORP,226875676,3312,"Steel Works, Blast Furnaces & Rolling Mills (Coke Ovens)",industrials,,
NUS,1021561,"NU SKIN ENTERPRISES, INC.",48676634,5122,"Wholesale-Drugs, Proprietaries & Druggists' Sundries",industrials,,
NUWE,1506492,"Nuwellis, Inc.",3647264,3845,Electromedical & Electrotherapeutic Apparatus,healthcare,,
NVCR,1645113,NovoCure Ltd,116445840,3841,Surgical & Medical Instruments & Apparatus,healthcare,,
NVDA,1045810,NVIDIA CORP,24100000000,3674,Semiconductors & Related Devices,software,,
NVEC,724910,NVE CORP /NEW/,4837166,3674,Semiconductors & Related Devices,software,,
NVR,906163,NVR INC,2664860,1531,Operative Builders,industrials,,
NVT,1720635,nVent Electric plc,161857939,3550,Special Industry Machinery (No Metalworking Machinery),industrials,,
NWBI,1471265,"Northwest Bancshares, Inc.",146459122,6021,National Commercial Banks,financials,,
NWFL,1013272,NORWOOD FINANCIAL CORP,10902074,6022,State Commercial Banks,financials,,
NWL,814453,NEWELL BRANDS INC.,425900000,3089,"Plastics Products, NEC",industrials,,
NWPX,1001385,"NWPX Infrastructure, Inc.",9637202,3317,Steel Pipe & Tubes,industrials,,
NWS,1564708,NEWS CORP,0,2711,Newspapers: Publishing or  Publishing & Printing,software,,
NX,1423221,Quanex Building Products CORP,45826208,3350,Rolling Drawing & Extruding of  Nonferrous Metals,industrials,,
NXST,1142417,"NEXSTAR MEDIA GROUP, INC.",30808301,4833,Television Broadcasting Stations,software,,
NYT,71691,NEW YORK TIMES CO,0,2711,Newspapers: Publishing or  Publishing & Printing,software,,
OAK-PA,1403528,"Brookfield Oaktree Holdings, LLC",0,6282,Investment Advice,consumer,,
OBK,1516912,"Origin Bancorp, Inc.",30849678,6022,State Commercial Banks,financials,,
OC,1370946,Owens Corning,79048683,3290,"Abrasive, Asbestos & Misc Nonmetallic Mineral Prods",industrials,,
OCC,1000230,OPTICAL CABLE CORP,8827092,3357,Drawing & Insulating of  Nonferrous Wire,industrials,,
OCFC,1004702,OCEANFIRST FINANCIAL CORP,96645219,6021,National Commercial Banks,financials,,
OCUL,1393434,"OCULAR THERAPEUTIX, INC",219615868,2834,Pharmaceutical Preparations,healthcare,,
ODC,74046,Oil-Dri Corp of America,0,3990,Miscellaneous Manufacturing Industries,industrials,,
ODFL,878927,"OLD DOMINION FREIGHT LINE, INC.",207356622,4213,Trucking (No Local),industrials,,
ODYS,1577445,Odysight.ai Inc.,16806905,7373,Services-Computer Integrated Systems Design,software,,
OESX,1409375,"ORION ENERGY SYSTEMS, INC.",4089286,3640,Electric Lighting & Wiring Equipment,industrials,,
OFG,1030469,OFG BANCORP,42265494,6022,State Commercial Banks,financials,,
OFIX,884624,Orthofix Medical Inc.,40732608,3841,Surgical & Medical Instruments & Apparatus,healthcare,,
OFLX,1317945,"Omega Flex, Inc.",10094322,3430,"Heating Equip, Except Elec & Warm Air; & Plumbing Fixtures",industrials,,
OGEN,1174940,ORAGENICS INC,4511957,2834,Pharmaceutical Preparations,healthcare,,
OI,812074,"O-I Glass, Inc. /DE/",153659747,3221,Glass Containers,industrials,,
OII,73756,OCEANEERING INTERNATIONAL INC,99529645,1389,"Oil & Gas Field Services, NEC",energy,,
OIS,1121484,"OIL STATES INTERNATIONAL, INC",60322619,3533,Oil & Gas Field Machinery & Equipment,industrials,,
OKTA,1660134,"Okta, Inc.",0,7372,Services-Prepackaged Software,software,,
OLED,1005284,UNIVERSAL DISPLAY CORP \PA\,45966835,3670,Electronic Components & Accessories,software,,
OLLI,1639300,"Ollie's Bargain Outlet Holdings, Inc.",59402403,5331,Retail-Variety Stores,consumer,,
OLN,74303,OLIN Corp,113982490,2800,Chemicals & Allied Products,industrials,,
OLOX,1023994,OLENOX INDUSTRIES INC.,1659347,5030,Wholesale-Lumber & Other Construction Materials,industrials,,
OMCL,926326,"OMNICELL, INC.",45614884,3571,Electronic Computers,software,,
OMER,1285819,OMEROS CORP,72388316,2834,Pharmaceutical Preparations,healthcare,,
OMEX,798528,ODYSSEY MARINE EXPLORATION INC,58691389,4400,Water Transportation,industrials,,
OMF,1584207,"OneMain Holdings, Inc.",115530952,6141,Personal Credit Institutions,financials,,
ON,1097864,ON SEMICONDUCTOR CORP,389311721,3674,Semiconductors & Related Devices,software,,
ONB,707179,OLD NATIONAL BANCORP /IN/,386373000,6021,National Commercial Banks,financials,,
ONDS,1646188,Ondas Inc.,570552341,3663,Radio & Tv Broadcasting & Communications Equipment,software,,
ONIT,873860,ONITY GROUP INC.,8354520,6162,Mortgage Bankers & Loan Correspondents,financials,,
ONTO,704532,ONTO INNOVATION INC.,49074247,3829,"Measuring & Controlling Devices, NEC",industrials,,
OOMA,1327688,OOMA INC,27600000,7374,Services-Computer Processing & Data Preparation,software,,
OPBK,1722010,OP Bancorp,14932615,6022,State Commercial Banks,financials,,
OPCH,1014739,"Option Care Health, Inc.",157027504,8082,Services-Home Health Care Services,healthcare,,
OPHC,1288855,"OptimumBank Holdings, Inc.",12268363,6021,National Commercial Banks,financials,,
OPK,944809,"OPKO HEALTH, INC.",746328225,2834,Pharmaceutical Preparations,healthcare,,
OPLN,1395942,"OPENLANE, Inc.",122797455,5500,Retail-Auto Dealers & Gasoline Stations,consumer,,
OPTU,1702780,"Optimum Communications, Inc.",272565547,4841,Cable & Other Pay Television Services,software,,
OPXS,1397016,Optex Systems Holdings Inc,6959873,3827,Optical Instruments & Lenses,software,,
OPY,791963,OPPENHEIMER HOLDINGS INC,0,6211,"Security Brokers, Dealers & Flotation Companies",consumer,,
ORCL,1341439,ORACLE CORP,2880471000,7372,Services-Prepackaged Software,software,,
ORGO,1661181,Organogenesis Holdings Inc.,128674548,2834,Pharmaceutical Preparations,healthcare,,
ORI,74260,OLD REPUBLIC INTERNATIONAL CORP,241432922,6351,Surety Insurance,financials,,
ORKA,907654,"Oruka Therapeutics, Inc.",66209699,2834,Pharmaceutical Preparations,healthcare,,
ORLY,898173,O REILLY AUTOMOTIVE INC,808960792,5531,Retail-Auto & Home Supply Stores,consumer,,
ORMP,1176309,ORAMED PHARMACEUTICALS INC.,41597354,2834,Pharmaceutical Preparations,healthcare,,
ORN,1402829,Orion Group Holdings Inc,40479278,1600,Heavy Construction Other Than Bldg Const - Contractors,industrials,,
ORRF,826154,ORRSTOWN FINANCIAL SERVICES INC,19669626,6022,State Commercial Banks,financials,,
OSBC,357173,OLD SECOND BANCORP INC,50875716,6022,State Commercial Banks,financials,,
OSG,874501,OCTAVE SPECIALTY GROUP INC,45051486,6351,Surety Insurance,financials,,
OSIS,1039065,OSI SYSTEMS INC,15941968,3674,Semiconductors & Related Devices,software,,
OSK,775158,OSHKOSH CORP,62351309,3711,Motor Vehicles & Passenger Car Bodies,industrials,,
OSPN,1044777,OneSpan Inc.,36852173,7373,Services-Computer Integrated Systems Design,software,,
OSUR,1116463,ORASURE TECHNOLOGIES INC,68968627,3841,Surgical & Medical Instruments & Apparatus,healthcare,,
OTEX,1002638,OPEN TEXT CORP,242126739,7373,Services-Computer Integrated Systems Design,software,,
OUNZ,1546652,VanEck Merk Gold ETF,67185613,6221,Commodity Contracts Brokers & Dealers,consumer,,
OVBC,894671,OHIO VALLEY BANC CORP,4711001,6022,State Commercial Banks,financials,,
OVID,1636651,Ovid Therapeutics Inc.,195297857,2834,Pharmaceutical Preparations,healthcare,,
OVLY,1431567,Oak Valley Bancorp,8412708,6022,State Commercial Banks,financials,,
OXBR,1584831,OXBRIDGE RE HOLDINGS Ltd,8138577,6331,"Fire, Marine & Casualty Insurance",financials,,
OXM,75288,OXFORD INDUSTRIES INC,14978274,2320,"Men's & Boys' Furnishgs, Work Clothg, & Allied Garments",consumer,,
OXY,797468,OCCIDENTAL PETROLEUM CORP /DE/,999637371,1311,Crude Petroleum & Natural Gas,energy,,
P,1474432,"Everpure, Inc.",333227251,3572,Computer Storage Devices,software,,
PAA,1070423,PLAINS ALL AMERICAN PIPELINE LP,705566460,4610,Pipe Lines (No Natural Gas),industrials,,
PACB,1299130,"PACIFIC BIOSCIENCES OF CALIFORNIA, INC.",310830759,3826,Laboratory Analytical Instruments,software,,
PAG,1019849,"PENSKE AUTOMOTIVE GROUP, INC.",65662873,5500,Retail-Auto Dealers & Gasoline Stations,consumer,,
PAGP,1581990,PLAINS GP HOLDINGS LP,197904124,4610,Pipe Lines (No Natural Gas),industrials,,
PAHC,1069899,PHIBRO ANIMAL HEALTH CORP,0,2834,Pharmaceutical Preparations,healthcare,,
PALL,1459862,abrdn Palladium ETF Trust,27062500,6221,Commodity Contracts Brokers & Dealers,consumer,,
PAMT,798287,PAMT CORP,20942257,4213,Trucking (No Local),industrials,,
PANL,1606909,Pangaea Logistics Solutions Ltd.,65473772,4412,Deep Sea Foreign Transportation of  Freight,industrials,,
PANW,1327567,Palo Alto Networks Inc,815000000,3577,"Computer Peripheral Equipment, NEC",software,,
PAR,708821,PAR TECHNOLOGY CORP,41362708,3578,Calculating & Accounting Machines (No Electronic Computers),software,,
PARR,821483,"PAR PACIFIC HOLDINGS, INC.",50099627,1311,Crude Petroleum & Natural Gas,energy,,
PATK,76605,PATRICK INDUSTRIES INC,32118264,3714,Motor Vehicle Parts & Accessories,industrials,,
PAVM,1624326,PAVmed Inc.,7995918,3841,Surgical & Medical Instruments & Apparatus,healthcare,,
PAYC,1590955,"Paycom Software, Inc.",45071619,7372,Services-Prepackaged Software,software,,
PB,1068851,PROSPERITY BANCSHARES INC,120176771,6022,State Commercial Banks,financials,,
PBF,1534504,PBF Energy Inc.,0,2911,Petroleum Refining,energy,,
PBH,1295947,Prestige Consumer Healthcare Inc.,47374522,2834,Pharmaceutical Preparations,healthcare,,
PBHC,1609065,"Pathfinder Bancorp, Inc.",4553886,6022,State Commercial Banks,financials,,
PBI,78814,PITNEY BOWES INC /DE/,137090212,3579,"Office Machines, NEC",software,,
PBYI,1401667,"PUMA BIOTECHNOLOGY, INC.",51620066,2834,Pharmaceutical Preparations,healthcare,,
PCAR,75362,PACCAR INC,526364953,3711,Motor Vehicles & Passenger Car Bodies,industrials,,
PCB,1423869,PCB BANCORP,14044602,6022,State Commercial Banks,financials,,
PCRX,1396814,"Pacira BioSciences, Inc.",39861886,2834,Pharmaceutical Preparations,healthcare,,
PCSA,1533743,"Processa Pharmaceuticals, Inc.",2793386,2834,Pharmaceutical Preparations,healthcare,,
PCTY,1591698,Paylocity Holding Corp,53056963,7372,Services-Prepackaged Software,software,,
PDEX,788920,PRO DEX INC,3203334,3841,Surgical & Medical Instruments & Apparatus,healthcare,,
PDFS,1120914,PDF SOLUTIONS INC,42227216,7372,Services-Prepackaged Software,software,,
PDSB,1472091,PDS Biotechnology Corp,55971338,2834,Pharmaceutical Preparations,healthcare,,
PEBK,1093672,PEOPLES BANCORP OF NORTH CAROLINA INC,5461490,6022,State Commercial Banks,financials,,
PEBO,318300,PEOPLES BANCORP INC,35942315,6022,State Commercial Banks,financials,,
PED,1141197,PEDEVCO CORP,13290902,1311,Crude Petroleum & Natural Gas,energy,,
PEGA,1013857,PEGASYSTEMS INC,164404945,7374,Services-Computer Processing & Data Preparation,software,,
PEN,1321732,Penumbra Inc,39389422,3841,Surgical & Medical Instruments & Apparatus,healthcare,,
PENG,1616533,"Penguin Solutions, Inc.",51242699,3674,Semiconductors & Related Devices,software,,
PENN,921738,"PENN Entertainment, Inc.",134066591,7011,Hotels & Motels,consumer,,
PEP,77476,PEPSICO INC,1364891558,2080,Beverages,consumer,,
PETS,1040130,PETMED EXPRESS INC,21678914,5912,Retail-Drug Stores and Proprietary Stores,consumer,,
PFE,78003,PFIZER INC,5699673589,2834,Pharmaceutical Preparations,healthcare,,
PFG,1126328,PRINCIPAL FINANCIAL GROUP INC,216012384,6321,Accident & Health Insurance,financials,,
PFGC,1618673,Performance Food Group Co,157533032,5141,"Wholesale-Groceries, General Line",industrials,,
PFH,1137774,PRUDENTIAL FINANCIAL INC,345000000,6311,Life Insurance,financials,,
PFIS,1056943,PEOPLES FINANCIAL SERVICES CORP.,10010367,6021,National Commercial Banks,financials,,
PFS,1178970,PROVIDENT FINANCIAL SERVICES INC,130422618,6035,"Savings Institution, Federally Chartered",financials,,
PFSI,1745916,"PennyMac Financial Services, Inc.",51951572,6162,Mortgage Bankers & Loan Correspondents,financials,,
PG,80424,PROCTER & GAMBLE Co,2324433060,2840,"Soap, Detergents, Cleang Preparations, Perfumes, Cosmetics",consumer,,
PGC,1050743,PEAPACK GLADSTONE FINANCIAL CORP,17727952,6029,"Commercial Banks, NEC",financials,,
PGEN,1356090,"PRECIGEN, INC.",358035247,2834,Pharmaceutical Preparations,healthcare,,
PGR,80661,PROGRESSIVE CORP/OH/,581371770,6331,"Fire, Marine & Casualty Insurance",financials,,
PH,76334,Parker-Hannifin Corp,126047469,3490,Miscellaneous Fabricated Metal Products,industrials,,
PHIO,1533040,Phio Pharmaceuticals Corp.,11617250,2834,Pharmaceutical Preparations,healthcare,,
PHM,822416,PULTEGROUP INC/MI/,187452540,1531,Operative Builders,industrials,,
PHUN,1665300,"Phunware, Inc.",20462675,7374,Services-Computer Processing & Data Preparation,software,,
PI,1114995,IMPINJ INC,30554413,3679,"Electronic Components, NEC",software,,
PII,931015,Polaris Inc.,56886167,3790,Miscellaneous Transportation Equipment,industrials,,
PIPR,1230245,PIPER SANDLER COMPANIES,70670291,6211,"Security Brokers, Dealers & Flotation Companies",consumer,,
PJT,1626115,PJT Partners Inc.,24800541,6282,Investment Advice,consumer,,
PK,1617406,Park Hotels & Resorts Inc.,201338330,7011,Hotels & Motels,consumer,,
PKBK,1315399,"PARKE BANCORP, INC.",11761470,6022,State Commercial Banks,financials,,
PKE,76267,PARK AEROSPACE CORP,21751211,3728,"Aircraft Parts & Auxiliary Equipment, NEC",industrials,,
PKG,75677,PACKAGING CORP OF AMERICA,89098299,2650,Paperboard Containers & Boxes,industrials,,
PKOH,76282,PARK OHIO HOLDINGS CORP,14490010,3460,Metal Forgings & Stampings,industrials,,
PLAB,810136,PHOTRONICS INC,58963698,3674,Semiconductors & Related Devices,software,,
PLAG,1117057,Planet Green Holdings Corp.,14232714,2030,"Canned, Frozen & Preservd Fruit, Veg & Food Specialties",consumer,,
PLAY,1525769,"Dave & Buster's Entertainment, Inc.",34788694,5812,Retail-Eating  Places,consumer,,
PLBC,1168455,PLUMAS BANCORP,6959016,6153,Short-Term Business Credit Institutions,financials,,
PLCE,1041859,"Childrens Place, Inc.",22237067,5651,Retail-Family Clothing Stores,consumer,,
PLOW,1287213,"DOUGLAS DYNAMICS, INC",23077046,3531,Construction Machinery & Equip,industrials,,
PLPC,80035,PREFORMED LINE PRODUCTS CO,4888701,1623,"Water, Sewer, Pipeline, Comm & Power Line Construction",industrials,,
PLSE,1625101,"PULSE BIOSCIENCES, INC.",71322607,3841,Surgical & Medical Instruments & Apparatus,healthcare,,
PLUG,1093691,PLUG POWER INC,1397195278,3620,Electrical Industrial Apparatus,industrials,,
PLUS,1022408,EPLUS INC,26090418,5045,Wholesale-Computers & Peripheral Equipment & Software,industrials,,
PLXS,785786,PLEXUS CORP,26652099,3672,Printed Circuit Boards,software,,
PM,1413329,Philip Morris International Inc.,1558613439,2111,Cigarettes,consumer,,
PMTS,1641614,CPI Card Group Inc.,11530669,2750,Commercial Printing,software,,
PNBK,1098146,PATRIOT NATIONAL BANCORP INC,118742200,6021,National Commercial Banks,financials,,
PNC,713676,"PNC FINANCIAL SERVICES GROUP, INC.",398943667,6021,National Commercial Banks,financials,,
PNR,77360,PENTAIR plc,161605541,3550,Special Industry Machinery (No Metalworking Machinery),industrials,,
PNRG,56868,PRIMEENERGY RESOURCES CORP,1582600,1311,Crude Petroleum & Natural Gas,energy,,
POCI,867840,"PRECISION OPTICS CORPORATION, INC.",10944869,3845,Electromedical & Electrotherapeutic Apparatus,healthcare,,
PODD,1145197,INSULET CORP,69354199,3841,Surgical & Medical Instruments & Apparatus,healthcare,,
POLA,1622345,"Polar Power, Inc.",3851684,3690,"Miscellaneous Electrical Machinery, Equipment & Supplies",industrials,,
POOL,945841,POOL CORP,36443003,5090,Wholesale-Misc Durable Goods,industrials,,
POST,1530950,"Post Holdings, Inc.",43956805,2040,Grain Mill Products,consumer,,
POWI,833640,POWER INTEGRATIONS INC,55873298,3674,Semiconductors & Related Devices,software,,
POWL,80420,POWELL INDUSTRIES INC,36432564,3613,Switchgear & Switchboard Apparatus,industrials,,
PPC,802481,PILGRIMS PRIDE CORP,238108524,2015,Poultry Slaughtering and Processing,consumer,,
PPCB,1517681,"Propanc Biopharma, Inc.",56959280,2834,Pharmaceutical Preparations,healthcare,,
PPG,79879,PPG INDUSTRIES INC,222900000,2851,"Paints, Varnishes, Lacquers, Enamels & Allied Prods",industrials,,
PPIH,914122,"Perma-Pipe International Holdings, Inc.",8125713,3564,Industrial & Commercial Fans & Blowers & Air Purifing Equip,industrials,,
PPLT,1460235,abrdn Platinum ETF Trust,128000000,6221,Commodity Contracts Brokers & Dealers,consumer,,
PPSI,1449792,"PIONEER POWER SOLUTIONS, INC.",11099266,3690,"Miscellaneous Electrical Machinery, Equipment & Supplies",industrials,,
PRAA,1185348,PRA GROUP INC,37648006,6153,Short-Term Business Credit Institutions,financials,,
PRGO,1585364,PERRIGO Co plc,138769245,2834,Pharmaceutical Preparations,healthcare,,
PRGS,876167,PROGRESS SOFTWARE CORP /MA,41012942,7372,Services-Prepackaged Software,software,,
PRHI,1502292,"Presurance Holdings, Inc.",3746092,6331,"Fire, Marine & Casualty Insurance",financials,,
PRI,1475922,"Primerica, Inc.",30777350,6311,Life Insurance,financials,,
PRIM,1361538,Primoris Services Corp,53832327,1623,"Water, Sewer, Pipeline, Comm & Power Line Construction",industrials,,
PRK,805676,PARK NATIONAL CORP /OH/,18064161,6021,National Commercial Banks,financials,,
PRLB,1443669,Proto Labs Inc,23921897,3440,Fabricated Structural Metal Products,industrials,,
PROP,1162896,Prairie Operating Co.,112798010,1311,Crude Petroleum & Natural Gas,energy,,
PROV,1010470,PROVIDENT FINANCIAL HOLDINGS INC,6233958,6035,"Savings Institution, Federally Chartered",financials,,
PRPL,1643953,"Purple Innovation, Inc.",15989770,2510,Household Furniture,industrials,,
PRPO,1043961,"Precipio, Inc.",1790188,3826,Laboratory Analytical Instruments,software,,
PRSO,890394,Peraso Inc.,15064476,3674,Semiconductors & Related Devices,software,,
PRTA,1559053,PROTHENA CORP PUBLIC LTD CO,51336974,2834,Pharmaceutical Preparations,healthcare,,
PRTS,1378950,"CarParts.com, Inc.",8065432,5531,Retail-Auto & Home Supply Stores,consumer,,
PSIX,1137091,"POWER SOLUTIONS INTERNATIONAL, INC.",23065450,3510,Engines & Turbines,industrials,,
PSMT,1041803,PRICESMART INC,30860524,5331,Retail-Variety Stores,consumer,,
PSX,1534701,Phillips 66,399020916,2911,Petroleum Refining,energy,,
PTC,857005,PTC INC.,108506261,7372,Services-Prepackaged Software,software,,
PTCT,1070081,"PTC THERAPEUTICS, INC.",83460802,2834,Pharmaceutical Preparations,healthcare,,
PTEN,889900,PATTERSON UTI ENERGY INC,381384874,1381,Drilling Oil & Gas Wells,energy,,
PTGX,1377121,"Protagonist Therapeutics, Inc",64708285,2834,Pharmaceutical Preparations,healthcare,,
PTN,911216,PALATIN TECHNOLOGIES INC,1779275,2834,Pharmaceutical Preparations,healthcare,,
PULM,1574235,"Pulmatrix, Inc.",3652285,2834,Pharmaceutical Preparations,healthcare,,
PUMP,1680247,ProPetro Holding Corp.,122823917,1389,"Oil & Gas Field Services, NEC",energy,,
PVH,78239,PVH CORP. /DE/,46137833,2320,"Men's & Boys' Furnishgs, Work Clothg, & Allied Garments",consumer,,
PVLA,1583648,"PALVELLA THERAPEUTICS, INC.",14408407,2834,Pharmaceutical Preparations,healthcare,,
PWCM,1640384,"POWERCOMPUTE, INC.",1794135,6199,Finance Services,consumer,,
PWR,1050915,"QUANTA SERVICES, INC.",150343393,1731,Electrical Work,industrials,,
PXLW,1040161,"PIXELWORKS, INC",6049393,7372,Services-Prepackaged Software,software,,
PZG,1629210,Paramount Gold Nevada Corp.,85784381,1000,Metal Mining,industrials,,
PZZA,901491,PAPA JOHNS INTERNATIONAL INC,32921687,5812,Retail-Eating  Places,consumer,,
QCLS,1321834,"Q/C TECHNOLOGIES, INC.",8189838,2835,In Vitro & In Vivo Diagnostic Substances,healthcare,,
QCOM,804328,QUALCOMM INC/DE,1050000000,3663,Radio & Tv Broadcasting & Communications Equipment,software,,
QCRH,906465,QCR HOLDINGS INC,16375614,6022,State Commercial Banks,financials,,
QLYS,1107843,"QUALYS, INC.",34595001,7372,Services-Prepackaged Software,software,,
QMCO,709283,QUANTUM CORP /DE/,39410001,3572,Computer Storage Devices,software,,
QNBC,750558,QNB CORP.,4979570,6022,State Commercial Banks,financials,,
QRVO,1604778,"Qorvo, Inc.",88013673,3674,Semiconductors & Related Devices,software,,
QSR,1618756,Restaurant Brands International Inc.,316382439,5812,Retail-Eating  Places,consumer,,
QTRX,1503274,Quanterix Corp,47293065,3826,Laboratory Analytical Instruments,software,,
QTWO,1410384,"Q2 Holdings, Inc.",62354695,7372,Services-Prepackaged Software,software,,
QUAD,1481792,"Quad/Graphics, Inc.",0,2750,Commercial Printing,software,,
QUIK,882508,QUICKLOGIC Corp,18317741,3674,Semiconductors & Related Devices,software,,
QURE,1590560,uniQure N.V.,63067485,2834,Pharmaceutical Preparations,healthcare,,
QVCG,1254699,"QVC Group, Inc.",1,5961,Retail-Catalog & Mail-Order Houses,consumer,,
QXL,797542,QUANTUM X LABS INC.,21567826,7372,Services-Prepackaged Software,software,,
QXO,1236275,"QXO, Inc.",1037490709,5030,Wholesale-Lumber & Other Construction Materials,industrials,,
RAIL,1320854,"FreightCar America, Inc.",32791280,3743,Railroad Equipment,industrials,,
RAMP,733269,"LiveRamp Holdings, Inc.",60794982,7374,Services-Computer Processing & Data Preparation,software,,
RARE,1515673,Ultragenyx Pharmaceutical Inc.,98588873,2834,Pharmaceutical Preparations,healthcare,,
RAVE,718332,"RAVE RESTAURANT GROUP, INC.",14211566,5140,Wholesale-Groceries & Related Products,industrials,,
RBB,1499422,RBB Bancorp,16915964,6022,State Commercial Banks,financials,,
RBBN,1708055,Ribbon Communications Inc.,178823352,7373,Services-Computer Integrated Systems Design,software,,
RBC,1324948,RBC Bearings INC,31659245,3562,Ball & Roller Bearings,industrials,,
RBCAA,921557,REPUBLIC BANCORP INC /KY/,0,6022,State Commercial Banks,financials,,
RCAT,748268,"Red Cat Holdings, Inc.",152714362,7372,Services-Prepackaged Software,software,,
RCKT,1281895,"ROCKET PHARMACEUTICALS, INC.",109774597,2834,Pharmaceutical Preparations,healthcare,,
RCKY,895456,"ROCKY BRANDS, INC.",7491911,3140,"Footwear, (No Rubber)",consumer,,
RCL,884887,ROYAL CARIBBEAN CRUISES LTD,267452084,4400,Water Transportation,industrials,,
RCUS,1724521,"Arcus Biosciences, Inc.",127333376,2834,Pharmaceutical Preparations,healthcare,,
RDN,890926,RADIAN GROUP INC,132301318,6351,Surety Insurance,financials,,
RDNT,790526,"RadNet, Inc.",78697257,8071,Services-Medical Laboratories,healthcare,,
RDNW,1596961,"RideNow Group, Inc.",2191633,7371,Services-Computer Programming Services,software,,
REED,1140215,"REED'S, INC.",11857086,2086,Bottled & Canned Soft Drinks & Carbonated Waters,consumer,,
REFR,793524,RESEARCH FRONTIERS INC,34867786,6794,Patent Owners & Lessors,financials,,
REGN,872589,"REGENERON PHARMACEUTICALS, INC.",93955110,2834,Pharmaceutical Preparations,healthcare,,
REI,1384195,"RING ENERGY, INC.",260539607,1311,Crude Petroleum & Natural Gas,energy,,
REKR,1697851,"Rekor Systems, Inc.",137636495,3669,"Communications Equipment, NEC",software,,
RELL,355948,"RICHARDSON ELECTRONICS, LTD.",10796094,5065,"Wholesale-Electronic Parts & Equipment, NEC",industrials,,
REPX,1001614,"Riley Exploration Permian, Inc.",20400032,1311,Crude Petroleum & Natural Gas,energy,,
RES,742278,RPC INC,221657012,1389,"Oil & Gas Field Services, NEC",energy,,
REX,744187,REX AMERICAN RESOURCES Corp,33175640,2860,Industrial Organic Chemicals,industrials,,
REZI,1740332,"RESIDEO TECHNOLOGIES, INC.",151847378,5072,Wholesale-Hardware,industrials,,
RF,1281761,REGIONS FINANCIAL CORP,851929506,6021,National Commercial Banks,financials,,
RFIL,740664,R F INDUSTRIES LTD,10851265,3678,Electronic Connectors,software,,
RFL,1713863,"Rafael Holdings, Inc.",100,2834,Pharmaceutical Preparations,healthcare,,
RGA,898174,REINSURANCE GROUP OF AMERICA INC,65301665,6311,Life Insurance,financials,,
RGLD,85535,ROYAL GOLD INC,84727857,6795,Mineral Royalty Traders,financials,,
RGR,95029,STURM RUGER & CO INC,15978256,3480,"Ordnance & Accessories, (No Vehicles/Guided Missiles)",industrials,,
RH,1528849,RH,18900969,5712,Retail-Furniture Stores,consumer,,
RICK,935419,"RCI HOSPITALITY HOLDINGS, INC.",7644500,5812,Retail-Eating  Places,consumer,,
RIG,1451505,Transocean Ltd.,1116880085,1381,Drilling Oil & Gas Wells,energy,,
RIGL,1034842,RIGEL PHARMACEUTICALS INC,18679864,2834,Pharmaceutical Preparations,healthcare,,
RILY,1464790,"BRC Group Holdings, Inc.",40199755,6282,Investment Advice,consumer,,
RIME,923601,"Algorhythm Holdings, Inc.",16990135,7373,Services-Computer Integrated Systems Design,software,,
RIOT,1167419,"Riot Platforms, Inc.",375258935,6199,Finance Services,consumer,,
RJET,810332,REPUBLIC AIRWAYS HOLDINGS INC.,46819500,4512,"Air Transportation, Scheduled",industrials,,
RJF,720005,RAYMOND JAMES FINANCIAL INC,192361711,6211,"Security Brokers, Dealers & Flotation Companies",consumer,,
RKDA,1469443,"Arcadia Biosciences, Inc.",2409211,1311,Crude Petroleum & Natural Gas,energy,,
RL,1037038,RALPH LAUREN CORP,0,2320,"Men's & Boys' Furnishgs, Work Clothg, & Allied Garments",consumer,,
RLGT,1171155,"RADIANT LOGISTICS, INC",46831666,4731,Arrangement of  Transportation of  Freight & Cargo,industrials,,
RLI,84246,RLI CORP,91772970,6331,"Fire, Marine & Casualty Insurance",financials,,
RLMD,1553643,"RELMADA THERAPEUTICS, INC.",106669846,2834,Pharmaceutical Preparations,healthcare,,
RM,1519401,Regional Management Corp.,9225794,6141,Personal Credit Institutions,financials,,
RMBS,917273,RAMBUS INC,108136967,3674,Semiconductors & Related Devices,software,,
RMCF,1616262,"Rocky Mountain Chocolate Factory, Inc.",9439587,2060,Sugar & Confectionery Products,consumer,,
RMD,943819,RESMED INC,144252306,3841,Surgical & Medical Instruments & Apparatus,healthcare,,
RMTI,1041024,"ROCKWELL MEDICAL, INC.",4030465,2834,Pharmaceutical Preparations,healthcare,,
RNAC,1453687,"Cartesian Therapeutics, Inc.",30255352,2834,Pharmaceutical Preparations,healthcare,,
RNG,1384905,"RingCentral, Inc.",0,7374,Services-Computer Processing & Data Preparation,software,,
RNGR,1699039,"Ranger Energy Services, Inc.",0,1389,"Oil & Gas Field Services, NEC",energy,,
RNR,913144,RENAISSANCERE HOLDINGS LTD,41551893,6331,"Fire, Marine & Casualty Insurance",financials,,
RNST,715072,RENASANT CORP,91404465,6022,State Commercial Banks,financials,,
RNTX,1420565,"Rein Therapeutics, Inc.",86267032,2834,Pharmaceutical Preparations,healthcare,,
ROCK,912562,"GIBRALTAR INDUSTRIES, INC.",29683889,3310,"Steel Works, Blast Furnaces & Rolling & Finishing Mills",industrials,,
ROG,84748,ROGERS CORP,17848535,2821,"Plastic Materials, Synth Resins & Nonvulcan Elastomers",industrials,,
ROK,1024478,"ROCKWELL AUTOMATION, INC",111048676,3829,"Measuring & Controlling Devices, NEC",industrials,,
ROKU,1428439,"ROKU, INC",0,4841,Cable & Other Pay Television Services,software,,
ROP,882835,ROPER TECHNOLOGIES INC,98900874,3823,"Industrial Instruments For Measurement, Display, and Control",software,,
ROST,745732,"ROSS STORES, INC.",319453110,5651,Retail-Family Clothing Stores,consumer,,
RPD,1560327,"Rapid7, Inc.",67400640,7372,Services-Prepackaged Software,software,,
RPM,110621,RPM INTERNATIONAL INC/DE/,127741412,2851,"Paints, Varnishes, Lacquers, Enamels & Allied Prods",industrials,,
RRC,315852,RANGE RESOURCES CORP,233679515,1311,Crude Petroleum & Natural Gas,energy,,
RRGB,1171759,RED ROBIN GOURMET BURGERS INC,18903752,5812,Retail-Eating  Places,consumer,,
RRR,1653653,"Red Rock Resorts, Inc.",0,7011,Hotels & Motels,consumer,,
RRX,82811,REGAL REXNORD CORP,66591867,3569,"General Industrial Machinery & Equipment, NEC",industrials,,
RS,861884,"RELIANCE, INC.",51048522,5051,Wholesale-Metals Service Centers & of fices,industrials,,
RTX,101829,RTX Corp,1347758144,3724,Aircraft Engines & Engine Parts,industrials,,
RUN,1469367,Sunrun Inc.,240846982,3690,"Miscellaneous Electrical Machinery, Equipment & Supplies",industrials,,
RUSHA,1012019,RUSH ENTERPRISES INC \TX\,0,5500,Retail-Auto Dealers & Gasoline Stations,consumer,,
RVP,946563,RETRACTABLE TECHNOLOGIES INC,29937159,3841,Surgical & Medical Instruments & Apparatus,healthcare,,
RVSB,1041368,RIVERVIEW BANCORP INC,19953186,6035,"Savings Institution, Federally Chartered",financials,,
RVTY,31791,"REVVITY, INC.",111586401,3826,Laboratory Analytical Instruments,software,,
RYAM,1597672,RAYONIER ADVANCED MATERIALS INC.,67644208,2611,Pulp Mills,industrials,,
RYTM,1649904,"RHYTHM PHARMACEUTICALS, INC.",68852082,2834,Pharmaceutical Preparations,healthcare,,
RYZ,1481582,Ryerson Holding Corp,51898653,5051,Wholesale-Metals Service Centers & of fices,industrials,,
RZLT,1509261,"Rezolute, Inc.",96292331,2834,Pharmaceutical Preparations,healthcare,,
SABR,1597033,Sabre Corp,403583214,7370,"Services-Computer Programming, Data Processing, Etc.",software,,
SAFT,1172052,SAFETY INSURANCE GROUP INC,14680482,6331,"Fire, Marine & Casualty Insurance",financials,,
SAH,1043509,SONIC AUTOMOTIVE INC,0,5500,Retail-Auto Dealers & Gasoline Stations,consumer,,
SAIA,1177702,SAIA INC,26674650,4213,Trucking (No Local),industrials,,
SAIC,1571123,Science Applications International Corp,41897635,7373,Services-Computer Integrated Systems Design,software,,
SAM,949870,BOSTON BEER CO INC,0,2082,Malt Beverages,consumer,,
SAMG,1549966,Silvercrest Asset Management Group Inc.,0,6282,Investment Advice,consumer,,
SANM,897723,SANMINA CORP,53597356,3672,Printed Circuit Boards,software,,
SBCF,730708,SEACOAST BANKING CORP OF FLORIDA,96822799,6022,State Commercial Banks,financials,,
SBFG,767405,"SB FINANCIAL GROUP, INC.",6252992,6022,State Commercial Banks,financials,,
SBFM,1402328,Sunshine Biopharma Inc.,3877337,2834,Pharmaceutical Preparations,healthcare,,
SBH,1368458,"Sally Beauty Holdings, Inc.",93622292,5990,"Retail-Retail Stores, NEC",consumer,,
SBSI,705432,SOUTHSIDE BANCSHARES INC,29807980,6022,State Commercial Banks,financials,,
SBUX,829224,STARBUCKS CORP,1140000000,5810,Retail-Eating & Drinking Places,consumer,,
SCCO,1001838,SOUTHERN COPPER CORP/,834331706,1000,Metal Mining,industrials,,
SCHL,866729,SCHOLASTIC CORP,30975371,2731,Books: Publishing or  Publishing & Printing,software,,
SCHW,316709,SCHWAB CHARLES CORP,1729335714,6211,"Security Brokers, Dealers & Flotation Companies",consumer,,
SCKT,944075,"SOCKET MOBILE, INC.",8291681,3571,Electronic Computers,software,,
SCL,94049,STEPAN CO,22732540,2840,"Soap, Detergents, Cleang Preparations, Perfumes, Cosmetics",consumer,,
SCNX,1382574,"Scienture Holdings, Inc.",41064146,2834,Pharmaceutical Preparations,healthcare,,
SCSC,918965,"SCANSOURCE, INC.",20142812,5045,Wholesale-Computers & Peripheral Equipment & Software,industrials,,
SCWO,933972,374Water Inc.,17718161,3621,Motors & Generators,industrials,,
SCYX,1178253,SCYNEXIS INC,9949609,2834,Pharmaceutical Preparations,healthcare,,
SD,1349436,SANDRIDGE ENERGY INC,37075296,1311,Crude Petroleum & Natural Gas,energy,,
SDEV,1389545,Stablecoin Development Corp,50615437,6199,Finance Services,consumer,,
SDOT,1701756,Sadot Group Inc.,1320015,5810,Retail-Eating & Drinking Places,consumer,,
SEB,88121,SEABOARD CORP /DE/,957794,5150,Wholesale-Farm Product Raw Materials,industrials,,
SEDG,1419612,"SOLAREDGE TECHNOLOGIES, INC.",61525748,3674,Semiconductors & Related Devices,software,,
SEI,1697500,"Solaris Energy Infrastructure, Inc.",0,3533,Oil & Gas Field Machinery & Equipment,industrials,,
SEIC,350894,SEI INVESTMENTS CO,120019182,6211,"Security Brokers, Dealers & Flotation Companies",consumer,,
SENEA,88948,Seneca Foods Corp,11735631,2033,"Canned, Fruits, Veg, Preserves, Jams & Jellies",consumer,,
SENS,1616543,"Senseonics Holdings, Inc.",52874053,3823,"Industrial Instruments For Measurement, Display, and Control",software,,
SF,720672,STIFEL FINANCIAL CORP,69584449,6211,"Security Brokers, Dealers & Flotation Companies",consumer,,
SFBC,1541119,"Sound Financial Bancorp, Inc.",2568043,6035,"Savings Institution, Federally Chartered",financials,,
SFBS,1430723,"ServisFirst Bancshares, Inc.",54672510,6022,State Commercial Banks,financials,,
SFD,91388,SMITHFIELD FOODS INC,393767431,2011,Meat Packing Plants,consumer,,
SFIX,1576942,"Stitch Fix, Inc.",0,5961,Retail-Catalog & Mail-Order Houses,consumer,,
SFM,1575515,"Sprouts Farmers Market, Inc.",93247625,5411,Retail-Grocery Stores,consumer,,
SFNC,90498,SIMMONS FIRST NATIONAL CORP,144513789,6021,National Commercial Banks,financials,,
SFST,1090009,SOUTHERN FIRST BANCSHARES INC,9471755,6021,National Commercial Banks,financials,,
SGA,886136,SAGA COMMUNICATIONS INC,6357988,4832,Radio Broadcasting Stations,software,,
SGC,95574,"SUPERIOR GROUP OF COMPANIES, INC.",15945201,2300,Apparel & Other Finishd Prods of  Fabrics & Similar Matl,consumer,,
SGI,1206264,SOMNIGROUP INTERNATIONAL INC.,210365491,2510,Household Furniture,industrials,,
SGLY,1422892,Singularity Future Technology Ltd.,7293492,4731,Arrangement of  Transportation of  Freight & Cargo,industrials,,
SGOL,1450923,abrdn Gold ETF Trust,175500000,6221,Commodity Contracts Brokers & Dealers,consumer,,
SGRY,1638833,"Surgery Partners, Inc.",130918260,8062,"Services-General Medical & Surgical Hospitals, NEC",healthcare,,
SGU,1002590,"STAR GROUP, L.P.",32811216,5990,"Retail-Retail Stores, NEC",consumer,,
SHAK,1620533,Shake Shack Inc.,0,5810,Retail-Eating & Drinking Places,consumer,,
SHBI,1035092,SHORE BANCSHARES INC,33372276,6021,National Commercial Banks,financials,,
SHO,1295810,"Sunstone Hotel Investors, Inc.",185943941,7011,Hotels & Motels,consumer,,
SHOE,895447,SHOE STATION GROUP INC,27151308,5661,Retail-Shoe Stores,consumer,,
SHOO,913241,"STEVEN MADDEN, LTD.",73177095,3140,"Footwear, (No Rubber)",consumer,,
SHW,89800,SHERWIN WILLIAMS CO,242758151,5200,"Retail-Building Materials, Hardware, Garden Supply",consumer,,
SIEB,65596,SIEBERT FINANCIAL CORP,41100936,6211,"Security Brokers, Dealers & Flotation Companies",consumer,,
SIF,90168,SIFCO INDUSTRIES INC,6254128,3724,Aircraft Engines & Engine Parts,industrials,,
SIG,832988,SIGNET JEWELERS LTD,39329783,5944,Retail-Jewelry Stores,consumer,,
SIGA,1010086,SIGA TECHNOLOGIES INC,71849716,2834,Pharmaceutical Preparations,healthcare,,
SIGI,230557,SELECTIVE INSURANCE GROUP INC,59569119,6331,"Fire, Marine & Casualty Insurance",financials,,
SILO,1514183,"Silo Pharma, Inc.",1588250,2834,Pharmaceutical Preparations,healthcare,,
SINT,1269026,"Sintx Technologies, Inc.",6664534,3841,Surgical & Medical Instruments & Apparatus,healthcare,,
SIRI,908937,SIRIUS XM HOLDINGS INC.,337066891,4832,Radio Broadcasting Stations,software,,
SITE,1650729,"SiteOne Landscape Supply, Inc.",44308229,5040,Wholesale-Professional & Commercial Equipment & Supplies,industrials,,
SIVR,1450922,abrdn Silver ETF Trust,71150000,6221,Commodity Contracts Brokers & Dealers,consumer,,
SJM,91419,J M SMUCKER Co,106823183,2033,"Canned, Fruits, Veg, Preserves, Jams & Jellies",consumer,,
SKY,90896,"Champion Homes, Inc.",54280134,2451,Mobile Homes,industrials,,
SKYE,1516551,"Skye Bioscience, Inc.",35421413,2834,Pharmaceutical Preparations,healthcare,,
SKYW,793733,SKYWEST INC,38828325,4512,"Air Transportation, Scheduled",industrials,,
SKYX,1598981,SKYX Platforms Corp.,135430994,3640,Electric Lighting & Wiring Equipment,industrials,,
SLAB,1038074,SILICON LABORATORIES INC.,33366761,3674,Semiconductors & Related Devices,software,,
SLB,87347,SLB LIMITED/NV,1484143231,1389,"Oil & Gas Field Services, NEC",energy,,
SLGN,849869,SILGAN HOLDINGS INC,105682020,3411,Metal Cans,industrials,,
SLM,1032033,SLM Corp,187946958,6141,Personal Credit Institutions,financials,,
SLNH,64463,"Soluna Holdings, Inc",244590575,6199,Finance Services,consumer,,
SLP,1023459,"Simulations Plus, Inc.",20224838,7373,Services-Computer Integrated Systems Design,software,,
SLS,1390478,"SELLAS Life Sciences Group, Inc.",201945709,2834,Pharmaceutical Preparations,healthcare,,
SLSN,883107,"SOLESENCE, INC.",70647045,2844,"Perfumes, Cosmetics & Other Toilet Preparations",consumer,,
SLV,1330568,iShares Silver Trust,538200000,6221,Commodity Contracts Brokers & Dealers,consumer,,
SM,893538,SM Energy Co,237854068,1311,Crude Petroleum & Natural Gas,energy,,
SMBC,916907,"SOUTHERN MISSOURI BANCORP, INC.",11015632,6036,"Savings Institutions, Not Federally Chartered",financials,,
SMBK,1038773,SMARTFINANCIAL INC.,17098473,6021,National Commercial Banks,financials,,
SMCI,1375365,"Super Micro Computer, Inc.",656965384,3571,Electronic Computers,software,,
SMG,825542,SCOTTS MIRACLE-GRO CO,58220274,2870,Agricultural Chemicals,industrials,,
SMHI,1690334,SEACOR Marine Holdings Inc.,27132826,4412,Deep Sea Foreign Transportation of  Freight,industrials,,
SMID,924719,SMITH MIDLAND CORP,5304606,3272,"Concrete Products, Except Block & Brick",industrials,,
SMP,93389,"STANDARD MOTOR PRODUCTS, INC.",22340293,3714,Motor Vehicle Parts & Accessories,industrials,,
SMSI,948708,"SMITH MICRO SOFTWARE, INC.",5589880,7372,Services-Prepackaged Software,software,,
SMTC,88941,SEMTECH CORP,93151168,3674,Semiconductors & Related Devices,software,,
SMTI,714256,Sanara MedTech Inc.,9188035,3842,"Orthopedic, Prosthetic & Surgical Appliances & Supplies",healthcare,,
SNA,91440,Snap-on Inc,51727124,3420,"Cutlery, Handtools & General Hardware",industrials,,
SNAP,1564408,Snap Inc,0,7370,"Services-Computer Programming, Data Processing, Etc.",software,,
SND,1529628,"Smart Sand, Inc.",42399061,1400,Mining & Quarrying of  Nonmetallic Minerals (No Fuels),industrials,,
SNDA,1043000,"SONIDA SENIOR LIVING, INC.",48047990,8050,Services-Nursing & Personal Care Facilities,healthcare,,
SNDR,1692063,"Schneider National, Inc.",0,4213,Trucking (No Local),industrials,,
SNDX,1395937,Syndax Pharmaceuticals Inc,89297086,2834,Pharmaceutical Preparations,healthcare,,
SNES,1680378,"SenesTech, Inc.",5423542,2870,Agricultural Chemicals,industrials,,
SNEX,913760,StoneX Group Inc.,120616735,6200,"Security & Commodity Brokers, Dealers, Exchanges & Services",consumer,,
SNFCA,318673,SECURITY NATIONAL FINANCIAL CORP,17596665,6199,Finance Services,consumer,,
SNGX,812796,"SOLIGENIX, INC.",21765479,2834,Pharmaceutical Preparations,healthcare,,
SNOA,1367083,"Sonoma Pharmaceuticals, Inc.",4788425,3841,Surgical & Medical Instruments & Apparatus,healthcare,,
SNPS,883241,SYNOPSYS INC,191636646,7372,Services-Prepackaged Software,software,,
SNUS-PH,811830,"Santander Holdings USA, Inc.",530391043,6021,National Commercial Banks,financials,,
SNWV,1417663,"SANUWAVE Health, Inc.",8602309,3841,Surgical & Medical Instruments & Apparatus,healthcare,,
SNX,1177394,TD SYNNEX CORP,79958752,5045,Wholesale-Computers & Peripheral Equipment & Software,industrials,,
SNYR,1562733,Synergy CHC Corp.,14899883,2833,Medicinal Chemicals & Botanical Products,healthcare,,
SOBR,1425627,"SOBR Safe, Inc.",5387210,2721,Periodicals: Publishing or  Publishing & Printing,software,,
SON,91767,SONOCO PRODUCTS CO,98868689,2650,Paperboard Containers & Boxes,industrials,,
SONO,1314727,Sonos Inc,118293979,3651,Household Audio & Video Equipment,industrials,,
SOTK,806172,SONO TEK CORP,15716723,3559,"Special Industry Machinery, NEC",industrials,,
SOWG,1490161,Sow Good Inc.,20099893,2000,Food and Kindred Products,consumer,,
SPB,109177,"Spectrum Brands Holdings, Inc.",22995596,3690,"Miscellaneous Electrical Machinery, Equipment & Supplies",industrials,,
SPGI,64040,S&P Global Inc.,296000000,7320,"Services-Consumer Credit Reporting, Collection Agencies",consumer,,
SPH,1005210,SUBURBAN PROPANE PARTNERS LP,66712387,5900,Retail-Miscellaneous Retail,consumer,,
SPNT,1576018,SiriusPoint Ltd,116165016,6331,"Fire, Marine & Casualty Insurance",financials,,
SPRO,1701108,"Spero Therapeutics, Inc.",58234827,2834,Pharmaceutical Preparations,healthcare,,
SPSC,1092699,SPS COMMERCE INC,36000174,7372,Services-Prepackaged Software,software,,
SPWH,1132105,"SPORTSMAN'S WAREHOUSE HOLDINGS, INC.",39141465,5940,Retail-Miscellaneous Shopping Goods Stores,consumer,,
SPXC,88205,"SPX Technologies, Inc.",50085860,3540,Metalworkg Machinery & Equipment,industrials,,
SRCE,34782,1ST SOURCE CORP,24081826,6022,State Commercial Banks,financials,,
SRI,1043337,STONERIDGE INC,28522874,3714,Motor Vehicle Parts & Accessories,industrials,,
SRPT,873303,"Sarepta Therapeutics, Inc.",105627021,2834,Pharmaceutical Preparations,healthcare,,
SRTS,1494891,"Sensus Healthcare, Inc.",16462059,3841,Surgical & Medical Instruments & Apparatus,healthcare,,
SRXH,1471727,SRX Global Inc.,20265391,2080,Beverages,consumer,,
SSB,764038,SouthState Bank Corp,96974534,6022,State Commercial Banks,financials,,
SSD,920371,"Simpson Manufacturing Co., Inc.",40984682,3420,"Cutlery, Handtools & General Hardware",industrials,,
SSII,1676163,"SS Innovations International, Inc.",200385435,3841,Surgical & Medical Instruments & Apparatus,healthcare,,
SSNC,1402436,SS&C Technologies Holdings Inc,234654996,7372,Services-Prepackaged Software,software,,
SSP,832428,E.W. SCRIPPS Co,0,4833,Television Broadcasting Stations,software,,
SSTI,1351636,"SOUNDTHINKING, INC.",13163790,7372,Services-Prepackaged Software,software,,
SSTK,1549346,"Shutterstock, Inc.",36947684,7374,Services-Computer Processing & Data Preparation,software,,
ST,1477294,Sensata Technologies Holding plc,145535862,3823,"Industrial Instruments For Measurement, Display, and Control",software,,
STAA,718937,STAAR SURGICAL CO,50143984,3851,Ophthalmic Goods,healthcare,,
STBA,719220,S&T BANCORP INC,35265492,6022,State Commercial Banks,financials,,
STC,94344,STEWART INFORMATION SERVICES CORP,30522199,6361,Title Insurance,financials,,
STE,1757898,STERIS plc,97500110,3842,"Orthopedic, Prosthetic & Surgical Appliances & Supplies",healthcare,,
STEX,1530766,Streamex Corp.,116465417,3845,Electromedical & Electrotherapeutic Apparatus,healthcare,,
STIM,1227636,"Neuronetics, Inc.",76197222,3841,Surgical & Medical Instruments & Apparatus,healthcare,,
STKS,1399520,"ONE Group Hospitality, Inc.",31689024,5812,Retail-Eating  Places,consumer,,
STLD,1022671,STEEL DYNAMICS INC,143328088,3312,"Steel Works, Blast Furnaces & Rolling Mills (Coke Ovens)",industrials,,
STRL,874238,"STERLING INFRASTRUCTURE, INC.",30588518,1600,Heavy Construction Other Than Bldg Const - Contractors,industrials,,
STRT,933034,STRATTEC SECURITY CORP,3985013,3714,Motor Vehicle Parts & Accessories,industrials,,
STRZ,929351,STARZ ENTERTAINMENT CORP /CN/,17124171,7812,Services-Motion Picture & Video Tape Production,software,,
STT,93751,STATE STREET CORP,274701765,6022,State Commercial Banks,financials,,
STX,1137789,Seagate Technology Holdings plc,226644518,3572,Computer Storage Devices,software,,
STXS,1289340,"Stereotaxis, Inc.",100202178,3845,Electromedical & Electrotherapeutic Apparatus,healthcare,,
STZ,16918,"CONSTELLATION BRANDS, INC.",0,2080,Beverages,consumer,,
SUN,1552275,Sunoco LP,0,2911,Petroleum Refining,energy,,
SUNE,22701,"SUNation Energy, Inc.",6513108,1700,Construction - Special Trade Contractors,industrials,,
SUPN,1356576,"SUPERNUS PHARMACEUTICALS, INC.",58127013,2834,Pharmaceutical Preparations,healthcare,,
SVRA,1160308,Savara Inc,205460015,2834,Pharmaceutical Preparations,healthcare,,
SWBI,1092796,"SMITH & WESSON BRANDS, INC.",44839680,3480,"Ordnance & Accessories, (No Vehicles/Guided Missiles)",industrials,,
SWK,93556,"STANLEY BLACK & DECKER, INC.",151016641,3420,"Cutlery, Handtools & General Hardware",industrials,,
SWKHL,1089907,SWK Holdings Corp,12095979,6159,Miscellaneous Business Credit Institution,financials,,
SWKS,4127,"SKYWORKS SOLUTIONS, INC.",150472782,3674,Semiconductors & Related Devices,software,,
SXC,1514705,"SunCoke Energy, Inc.",84874850,3312,"Steel Works, Blast Furnaces & Rolling Mills (Coke Ovens)",industrials,,
SXI,310354,STANDEX INTERNATIONAL CORP/DE/,12119465,3580,Refrigeration & Service Industry Machinery,industrials,,
SXT,310142,SENSIENT TECHNOLOGIES CORP,42562811,2860,Industrial Organic Chemicals,industrials,,
SYBT,835324,"Stock Yards Bancorp, Inc.",31066643,6022,State Commercial Banks,financials,,
SYF,1601712,Synchrony Financial,325370840,6199,Finance Services,consumer,,
SYK,310764,STRYKER CORP,383573046,3841,Surgical & Medical Instruments & Apparatus,healthcare,,
SYNA,817720,SYNAPTICS Inc,39106986,3674,Semiconductors & Related Devices,software,,
SYPR,864240,SYPRIS SOLUTIONS INC,23026433,3823,"Industrial Instruments For Measurement, Display, and Control",software,,
SYRE,1636282,"Spyre Therapeutics, Inc.",88173762,2834,Pharmaceutical Preparations,healthcare,,
SYY,96021,SYSCO CORP,479096016,5140,Wholesale-Groceries & Related Products,industrials,,
TACT,1017303,TRANSACT TECHNOLOGIES INC,10324471,3577,"Computer Peripheral Equipment, NEC",software,,
TALO,1724965,TALOS ENERGY INC.,166965468,1311,Crude Petroleum & Natural Gas,energy,,
TAP,24545,MOLSON COORS BEVERAGE CO,0,2082,Malt Beverages,consumer,,
TAYD,96536,"TAYLOR DEVICES, INC.",3225015,3569,"General Industrial Machinery & Equipment, NEC",industrials,,
TBBK,1295401,"Bancorp, Inc.",40786809,6021,National Commercial Banks,financials,,
TBCH,1493761,Turtle Beach Corp,17909711,3669,"Communications Equipment, NEC",software,,
TBPH,1583107,"Theravance Biopharma, Inc.",51918754,2834,Pharmaceutical Preparations,healthcare,,
TCBI,1077428,TEXAS CAPITAL BANCSHARES INC/TX,43474369,6022,State Commercial Banks,financials,,
TCBK,356171,TRICO BANCSHARES /,31966630,6022,State Commercial Banks,financials,,
TCMD,1027838,TACTILE SYSTEMS TECHNOLOGY INC,22652286,3841,Surgical & Medical Instruments & Apparatus,healthcare,,
TCRT,1107421,"Alaunos Therapeutics, Inc.",2540480,2834,Pharmaceutical Preparations,healthcare,,
TCX,909494,TUCOWS INC /PA/,11182112,7374,Services-Computer Processing & Data Preparation,software,,
TDAY,1579684,"USA TODAY Co., Inc.",146817941,2711,Newspapers: Publishing or  Publishing & Printing,software,,
TDC,816761,TERADATA CORP /DE/,93000000,7372,Services-Prepackaged Software,software,,
TDW,98222,TIDEWATER INC,49756231,4400,Water Transportation,industrials,,
TDG,1260221,TransDigm Group INC,55276525,3728,"Aircraft Parts & Auxiliary Equipment, NEC",industrials,,
TDOC,1477449,"Teladoc Health, Inc.",181684021,8011,Services-Offices & Clinics of  Doctors of  Medicine,healthcare,,
TDY,1094285,TELEDYNE TECHNOLOGIES INC,46355673,3812,"Search, Detection, Navigation, Guidance, Aeronautical Sys",industrials,,
TEL,1385157,TE Connectivity plc,289513228,5065,"Wholesale-Electronic Parts & Equipment, NEC",industrials,,
TENB,1660280,"Tenable Holdings, Inc.",110139983,7372,Services-Prepackaged Software,software,,
TENX,34956,"TENAX THERAPEUTICS, INC.",37423917,2834,Pharmaceutical Preparations,healthcare,,
TER,97210,"TERADYNE, INC",156340750,3825,Instruments For Meas & Testing of  Electricity & Elec Signals,software,,
TEVA,818686,TEVA PHARMACEUTICAL INDUSTRIES LTD,1165296084,2834,Pharmaceutical Preparations,healthcare,,
TEX,97216,TEREX CORP,114300000,3537,"Industrial Trucks, Tractors, Trailors & Stackers",industrials,,
TFC,92230,TRUIST FINANCIAL CORP,1221626188,6021,National Commercial Banks,financials,,
TFIN,1539638,"Triumph Financial, Inc.",23894537,6022,State Commercial Banks,financials,,
TFSL,1381668,TFS Financial CORP,280442755,6035,"Savings Institution, Federally Chartered",financials,,
TFX,96943,TELEFLEX INC,42372397,3841,Surgical & Medical Instruments & Apparatus,healthcare,,
TG,850429,TREDEGAR CORP,34944164,3350,Rolling Drawing & Extruding of  Nonferrous Metals,industrials,,
TGEN,1537435,TECOGEN INC.,30187822,3585,Air-Cond & Warm Air Heatg Equip & Comm & Indl Refrig Equip,industrials,,
TGLS,1534675,Tecnoglass Holdings Inc.,44364616,3211,Flat Glass,industrials,,
TGT,27419,TARGET CORP,454296736,5331,Retail-Variety Stores,consumer,,
TGTX,1001316,"TG THERAPEUTICS, INC.",153069053,2834,Pharmaceutical Preparations,healthcare,,
THC,70318,TENET HEALTHCARE CORP,80519000,8062,"Services-General Medical & Surgical Hospitals, NEC",healthcare,,
THFF,714562,FIRST FINANCIAL CORP /IN/,11891896,6022,State Commercial Banks,financials,,
THG,944695,"HANOVER INSURANCE GROUP, INC.",34820221,6331,"Fire, Marine & Casualty Insurance",financials,,
THM,1134115,INTERNATIONAL TOWER HILL MINES LTD,195885531,1000,Metal Mining,industrials,,
THO,730263,THOR INDUSTRIES INC,52057373,3716,Motor Homes,industrials,,
THRM,903129,Gentherm Inc,30705208,3714,Motor Vehicle Parts & Accessories,industrials,,
TILE,715787,INTERFACE INC,57800460,2273,Carpets & Rugs,consumer,,
TIPT,1393726,TIPTREE INC.,37570075,6331,"Fire, Marine & Casualty Insurance",financials,,
TITN,1409171,Titan Machinery Inc.,23532897,5990,"Retail-Retail Stores, NEC",consumer,,
TJX,109198,TJX COMPANIES INC /DE/,1099974061,5651,Retail-Family Clothing Stores,consumer,,
TKR,98362,TIMKEN CO,69296839,3562,Ball & Roller Bearings,industrials,,
TLF,909724,TANDY LEATHER FACTORY INC,8192075,3100,Leather & Leather Products,industrials,,
TLPH,1427925,"TALPHERA, INC.",51905796,2834,Pharmaceutical Preparations,healthcare,,
TLRY,1731348,"Tilray Brands, Inc.",136203579,2833,Medicinal Chemicals & Botanical Products,healthcare,,
TLS,320121,TELOS CORP,74736789,7373,Services-Computer Integrated Systems Design,software,,
TLYS,1524025,"TILLY'S, INC.",11976582,5600,Retail-Apparel & Accessory Stores,consumer,,
TMO,97745,THERMO FISHER SCIENTIFIC INC.,369747286,3829,"Measuring & Controlling Devices, NEC",industrials,,
TMP,1005817,TOMPKINS FINANCIAL CORP,14382905,6022,State Commercial Banks,financials,,
TMQ,1543418,Trilogy Metals Inc.,172745639,1040,Gold and Silver Ores,industrials,,
TNC,97134,TENNANT CO,17049303,3580,Refrigeration & Service Industry Machinery,industrials,,
TNDM,1438133,TANDEM DIABETES CARE INC,69578707,3841,Surgical & Medical Instruments & Apparatus,healthcare,,
TNL,1361658,Travel & Leisure Co.,61204232,7011,Hotels & Motels,consumer,,
TNXP,1430306,Tonix Pharmaceuticals Holding Corp.,17151024,2834,Pharmaceutical Preparations,healthcare,,
TOL,794170,"Toll Brothers, Inc.",92147000,1531,Operative Builders,industrials,,
TOMZ,314227,"TOMI Environmental Solutions, Inc.",8142577,2860,Industrial Organic Chemicals,industrials,,
TONX,1566610,TON Strategy Co,55071989,6199,Finance Services,consumer,,
TOON,1355848,"Kartoon Studios, Inc.",62204105,7812,Services-Motion Picture & Video Tape Production,software,,
TOVX,894158,"Theriva Biologics, Inc.",45892668,2834,Pharmaceutical Preparations,healthcare,,
TPB,1290677,"Turning Point Brands, Inc.",20048922,2100,Tobacco Products,consumer,,
TPC,77543,TUTOR PERINI CORP,52569117,1540,General Bldg Contractors - Nonresidential Bldgs,industrials,,
TPCS,1328792,TECHPRECISION CORP,10100311,3440,Fabricated Structural Metal Products,industrials,,
TPR,1116132,"TAPESTRY, INC.",199391678,3100,Leather & Leather Products,industrials,,
TPST,1544227,"Tempest Therapeutics, Inc.",14806997,2834,Pharmaceutical Preparations,healthcare,,
TR,98677,TOOTSIE ROLL INDUSTRIES INC,0,2060,Sugar & Confectionery Products,consumer,,
TRAK,50471,"ReposiTrak, Inc.",18173565,7374,Services-Computer Processing & Data Preparation,software,,
TRAW,1130598,"Traws Pharma, Inc.",15368277,2834,Pharmaceutical Preparations,healthcare,,
TREE,1434621,"LendingTree, Inc.",14039561,6163,Loan Brokers,financials,,
TREX,1069878,TREX CO INC,101865190,2400,Lumber & Wood Products (No Furniture),industrials,,
TRIP,1526520,"TripAdvisor, Inc.",117199342,7370,"Services-Computer Programming, Data Processing, Etc.",software,,
TRMB,864749,TRIMBLE INC.,233179848,3829,"Measuring & Controlling Devices, NEC",industrials,,
TRMK,36146,TRUSTMARK CORP,58070577,6021,National Commercial Banks,financials,,
TRN,99780,TRINITY INDUSTRIES INC,79669486,3743,Railroad Equipment,industrials,,
TRNS,99302,TRANSCAT INC,9359813,3825,Instruments For Meas & Testing of  Electricity & Elec Signals,software,,
TROW,1113169,PRICE T ROWE GROUP INC,213315850,6282,Investment Advice,consumer,,
TROX,1530804,Tronox Holdings plc,159700029,2810,Industrial Inorganic Chemicals,industrials,,
TRS,842633,TRIMAS CORP,35873873,3460,Metal Forgings & Stampings,industrials,,
TRST,357301,TRUSTCO BANK CORP N Y,17027740,6022,State Commercial Banks,financials,,
TRT,732026,TRIO-TECH INTERNATIONAL,10112599,3559,"Special Industry Machinery, NEC",industrials,,
TRU,1552033,TransUnion,192800000,7320,"Services-Consumer Credit Reporting, Collection Agencies",consumer,,
TRUP,1371285,"TRUPANION, INC.",43872611,6324,Hospital & Medical Service Plans,financials,,
TRV,86312,"TRAVELERS COMPANIES, INC.",208575022,6331,"Fire, Marine & Casualty Insurance",financials,,
TSBK,1046050,TIMBERLAND BANCORP INC,7775668,6036,"Savings Institutions, Not Federally Chartered",financials,,
TSCO,916365,TRACTOR SUPPLY CO /DE/,521040137,5200,"Retail-Building Materials, Hardware, Garden Supply",consumer,,
TSLA,1318605,"Tesla, Inc.",3949547394,3711,Motor Vehicles & Passenger Car Bodies,industrials,,
TSN,100493,"TYSON FOODS, INC.",0,2015,Poultry Slaughtering and Processing,consumer,,
TSQ,1499832,"Townsquare Media, Inc.",18496501,4832,Radio Broadcasting Stations,software,,
TT,1466258,Trane Technologies plc,220023177,3822,Auto Controls For Regulating Residential & Comml Environments,software,,
TTC,737758,TORO CO,94663378,3524,Lawn & Garden Tractors & Home Lawn & Gardens Equip,industrials,,
TTD,1671933,"Trade Desk, Inc.",0,7370,"Services-Computer Programming, Data Processing, Etc.",software,,
TTI,844965,TETRA TECHNOLOGIES INC,148072779,1311,Crude Petroleum & Natural Gas,energy,,
TTMI,1116942,TTM TECHNOLOGIES INC,105348864,3672,Printed Circuit Boards,software,,
TTWO,946581,TAKE TWO INTERACTIVE SOFTWARE INC,186980443,7372,Services-Prepackaged Software,software,,
TUSK,1679268,"MAMMOTH ENERGY SERVICES, INC.",48127585,1389,"Oil & Gas Field Services, NEC",energy,,
TVRD,1346830,"Tvardi Therapeutics, Inc.",13338943,2834,Pharmaceutical Preparations,healthcare,,
TVTX,1438533,"Travere Therapeutics, Inc.",94261082,2834,Pharmaceutical Preparations,healthcare,,
TWAV,746210,"TaoWeave, Inc.",3877219,7370,"Services-Computer Programming, Data Processing, Etc.",software,,
TWI,899751,TITAN INTERNATIONAL INC,64542352,3312,"Steel Works, Blast Furnaces & Rolling Mills (Coke Ovens)",industrials,,
TWIN,100378,TWIN DISC INC,14538916,3560,General Industrial Machinery & Equipment,industrials,,
TWLO,1447669,TWILIO INC,153575220,7372,Services-Prepackaged Software,software,,
TXMD,25743,"TherapeuticsMD, Inc.",11574362,2834,Pharmaceutical Preparations,healthcare,,
TXN,97476,TEXAS INSTRUMENTS INC,913247686,3674,Semiconductors & Related Devices,software,,
TXRH,1289460,"Texas Roadhouse, Inc.",65640926,5812,Retail-Eating  Places,consumer,,
TXT,217346,TEXTRON INC,171986917,3720,Aircraft & Parts,industrials,,
TYL,860731,TYLER TECHNOLOGIES INC,40952274,7372,Services-Prepackaged Software,software,,
UA,1336917,"Under Armour, Inc.",0,2300,Apparel & Other Finishd Prods of  Fabrics & Similar Matl,consumer,,
UAL,100517,"United Airlines Holdings, Inc.",324583772,4512,"Air Transportation, Scheduled",industrials,,
UAMY,101538,UNITED STATES ANTIMONY CORP,149669384,3330,Primary Smelting & Refining of  Nonferrous Metals,industrials,,
UAN,1425292,"CVR PARTNERS, LP",10569637,2870,Agricultural Chemicals,industrials,,
UAVS,8504,AgEagle Aerial Systems Inc.,62905706,3721,Aircraft,industrials,,
UBCP,731653,UNITED BANCORP INC /OH/,5735518,6022,State Commercial Banks,financials,,
UBSI,729986,UNITED BANKSHARES INC/WV,136212571,6022,State Commercial Banks,financials,,
UCB,857855,UNITED COMMUNITY BANKS INC,120575503,6022,State Commercial Banks,financials,,
UCTT,1275014,"Ultra Clean Holdings, Inc.",45277029,3674,Semiconductors & Related Devices,software,,
UDN,1383149,INVESCO DB US DOLLAR INDEX BEARISH FUND,6000000,6221,Commodity Contracts Brokers & Dealers,consumer,,
UEC,1334933,URANIUM ENERGY CORP,494872366,1090,Miscellaneous Metal Ores,industrials,,
UEIC,101984,UNIVERSAL ELECTRONICS INC,12885062,3651,Household Audio & Video Equipment,industrials,,
UFCS,101199,UNITED FIRE GROUP INC,25705439,6331,"Fire, Marine & Casualty Insurance",financials,,
UFI,100726,UNIFI INC,18588837,2200,Textile Mill Products,consumer,,
UFPI,912767,UFP INDUSTRIES INC,55161491,2421,"Sawmills & Planting Mills, General",industrials,,
UFPT,914156,UFP TECHNOLOGIES INC,7745790,3841,Surgical & Medical Instruments & Apparatus,healthcare,,
UG,101295,UNITED GUARDIAN INC,4594319,2844,"Perfumes, Cosmetics & Other Toilet Preparations",consumer,,
UGA,1396878,"United States Gasoline Fund, LP",1250000,6221,Commodity Contracts Brokers & Dealers,consumer,,
UHS,352915,UNIVERSAL HEALTH SERVICES INC,0,8062,"Services-General Medical & Surgical Hospitals, NEC",healthcare,,
UI,1511737,Ubiquiti Inc.,60528381,3663,Radio & Tv Broadcasting & Communications Equipment,software,,
UIS,746838,UNISYS CORP,72915955,7373,Services-Computer Integrated Systems Design,software,,
ULBI,875657,ULTRALIFE CORP,16663269,3690,"Miscellaneous Electrical Machinery, Equipment & Supplies",industrials,,
ULH,1308208,"UNIVERSAL LOGISTICS HOLDINGS, INC.",26367805,4213,Trucking (No Local),industrials,,
ULTA,1403568,"Ulta Beauty, Inc.",42757471,5990,"Retail-Retail Stores, NEC",consumer,,
UMBF,101382,UMB FINANCIAL CORP,75950030,6021,National Commercial Banks,financials,,
UNB,706863,UNION BANKSHARES INC,4945868,6022,State Commercial Banks,financials,,
UNFI,1020859,UNITED NATURAL FOODS INC,60519140,5141,"Wholesale-Groceries, General Line",industrials,,
UNG,1376227,"United States Natural Gas Fund, LP",47546103,6221,Commodity Contracts Brokers & Dealers,consumer,,
UNH,731766,UNITEDHEALTH GROUP INC,897594847,6324,Hospital & Medical Service Plans,financials,,
UNL,1405513,"United States 12 Month Natural Gas Fund, LP",2700000,6221,Commodity Contracts Brokers & Dealers,consumer,,
UNM,5513,Unum Group,158306798,6321,Accident & Health Insurance,financials,,
UNP,100885,UNION PACIFIC CORP,594075498,4011,"Railroads, Line-Haul Operating",industrials,,
UNTY,920427,UNITY BANCORP INC /NJ/,10042578,6022,State Commercial Banks,financials,,
UONE,1041657,"URBAN ONE, INC.",0,4832,Radio Broadcasting Stations,software,,
UPLD,1505155,"Upland Software, Inc.",2957191,7372,Services-Prepackaged Software,software,,
UPS,1090727,UNITED PARCEL SERVICE INC,713924267,4210,Trucking & Courier Services (No Air),industrials,,
UPWK,1627475,"UPWORK, INC",124903365,7374,Services-Computer Processing & Data Preparation,software,,
URBN,912615,URBAN OUTFITTERS INC,85635083,5651,Retail-Family Clothing Stores,consumer,,
URG,1375205,UR-ENERGY INC,397863720,1040,Gold and Silver Ores,industrials,,
URGN,1668243,UroGen Pharma Ltd.,48880564,2834,Pharmaceutical Preparations,healthcare,,
USAU,27093,U.S. GOLD CORP.,16526163,1000,Metal Mining,industrials,,
USB,36104,US BANCORP \DE\,1558051446,6021,National Commercial Banks,financials,,
USBC,1074828,"USBC, Inc.",388144429,6199,Finance Services,consumer,,
USFD,1665918,US Foods Holding Corp.,216330723,5140,Wholesale-Groceries & Related Products,industrials,,
USIO,1088034,"Usio, Inc.",28495414,6099,"Functions Related To Depository Banking, NEC",financials,,
USL,1405528,"United States 12 Month Oil Fund, LP",900000,6221,Commodity Contracts Brokers & Dealers,consumer,,
USLM,82020,UNITED STATES LIME & MINERALS INC,28688363,1400,Mining & Quarrying of  Nonmetallic Minerals (No Fuels),industrials,,
USNA,896264,USANA HEALTH SCIENCES INC,18476534,2833,Medicinal Chemicals & Botanical Products,healthcare,,
USO,1327068,"United States Oil Fund, LP",14823603,6221,Commodity Contracts Brokers & Dealers,consumer,,
USPH,885978,U S PHYSICAL THERAPY INC /NV,14922698,8000,Services-Health Services,healthcare,,
UTHR,1082554,UNITED THERAPEUTICS Corp,42890692,2834,Pharmaceutical Preparations,healthcare,,
UTMD,706698,UTAH MEDICAL PRODUCTS INC,3183818,3841,Surgical & Medical Instruments & Apparatus,healthcare,,
UUP,1383151,Invesco DB US Dollar Index Bullish Fund,15700000,6221,Commodity Contracts Brokers & Dealers,consumer,,
UUU,102109,"UNIVERSAL SAFETY PRODUCTS, INC.",3028463,5065,"Wholesale-Electronic Parts & Equipment, NEC",industrials,,
UUUU,1385849,ENERGY FUELS INC,249965000,1400,Mining & Quarrying of  Nonmetallic Minerals (No Fuels),industrials,,
UVE,891166,"UNIVERSAL INSURANCE HOLDINGS, INC.",27830355,6331,"Fire, Marine & Casualty Insurance",financials,,
UVSP,102212,UNIVEST FINANCIAL Corp,27580768,6022,State Commercial Banks,financials,,
UVV,102037,UNIVERSAL CORP /VA/,24899257,5150,Wholesale-Farm Product Raw Materials,industrials,,
VABK,1572334,Virginia National Bankshares Corp,5425282,6021,National Commercial Banks,financials,,
VAL,314808,Valaris Ltd,69435807,1381,Drilling Oil & Gas Wells,energy,,
VALU,717720,VALUE LINE INC,9383573,6282,Investment Advice,consumer,,
VANI,1266806,"Vivani Medical, Inc.",90203356,3845,Electromedical & Electrotherapeutic Apparatus,healthcare,,
VATE,1006837,INNOVATE Corp.,13641866,3440,Fabricated Structural Metal Products,industrials,,
VC,1111335,VISTEON CORP,26695429,3714,Motor Vehicle Parts & Accessories,industrials,,
VCTR,1570827,"Victory Capital Holdings, Inc.",61509572,6282,Investment Advice,consumer,,
VCYT,1384101,"VERACYTE, INC.",80390731,8071,Services-Medical Laboratories,healthcare,,
VECO,103145,VEECO INSTRUMENTS INC,61129640,3559,"Special Industry Machinery, NEC",industrials,,
VEEV,1393052,VEEVA SYSTEMS INC,161908850,7372,Services-Prepackaged Software,software,,
VERI,1615165,"Veritone, Inc.",100457068,7374,Services-Computer Processing & Data Preparation,software,,
VERU,863894,VERU INC.,17050320,2834,Pharmaceutical Preparations,healthcare,,
VFC,103379,V F CORP,391769705,2320,"Men's & Boys' Furnishgs, Work Clothg, & Allied Garments",consumer,,
VGZ,783324,VISTA GOLD CORP,145971346,1040,Gold and Silver Ores,industrials,,
VHC,1082324,VirnetX Holding Corp,4216633,6794,Patent Owners & Lessors,financials,,
VHI,59255,VALHI INC /DE/,28321193,2810,Industrial Inorganic Chemicals,industrials,,
VIAV,912093,VIAVI SOLUTIONS INC.,246749828,3674,Semiconductors & Related Devices,software,,
VICR,751978,VICOR CORP,26978949,3679,"Electronic Components, NEC",software,,
VIRC,751365,VIRCO MFG CORPORATION,15763815,2531,Public Bldg & Related Furniture,industrials,,
VIRT,1592386,"Virtu Financial, Inc.",0,6211,"Security Brokers, Dealers & Flotation Companies",consumer,,
VISN,1517228,"Vistance Networks, Inc.",230626412,3663,Radio & Tv Broadcasting & Communications Equipment,software,,
VKTX,1607678,"Viking Therapeutics, Inc.",116652937,2834,Pharmaceutical Preparations,healthcare,,
VLGEA,103595,VILLAGE SUPER MARKET INC,13845449,5411,Retail-Grocery Stores,consumer,,
VLO,1035002,VALERO ENERGY CORP/TX,287927461,2911,Petroleum Refining,energy,,
VLY,714310,VALLEY NATIONAL BANCORP,552605226,6021,National Commercial Banks,financials,,
VMC,1396009,Vulcan Materials CO,129754885,1400,Mining & Quarrying of  Nonmetallic Minerals (No Fuels),industrials,,
VMI,102729,VALMONT INDUSTRIES INC,19304858,3440,Fabricated Structural Metal Products,industrials,,
VNCE,1579157,VINCE HOLDING CORP.,12847294,5600,Retail-Apparel & Accessory Stores,consumer,,
VNDA,1347178,Vanda Pharmaceuticals Inc.,60462687,2834,Pharmaceutical Preparations,healthcare,,
VNRX,93314,VOLITIONRX LTD,13649384,2835,In Vitro & In Vivo Diagnostic Substances,healthcare,,
VOYA,1535929,"Voya Financial, Inc.",90596349,6311,Life Insurance,financials,,
VPG,1487952,"Vishay Precision Group, Inc.",12256197,3670,Electronic Components & Accessories,software,,
VRA,1495320,"Vera Bradley, Inc.",28438252,3100,Leather & Leather Products,industrials,,
VRDN,1590750,"Viridian Therapeutics, Inc.\DE",113292269,2834,Pharmaceutical Preparations,healthcare,,
VREX,1681622,Varex Imaging Corp,42100000,3679,"Electronic Components, NEC",software,,
VRME,1104038,"VerifyMe, Inc.",13165196,6199,Finance Services,consumer,,
VRNS,1361113,VARONIS SYSTEMS INC,114860485,7372,Services-Prepackaged Software,software,,
VRSK,1442145,"Verisk Analytics, Inc.",131021840,7374,Services-Computer Processing & Data Preparation,software,,
VRSN,1014473,VERISIGN INC/CA,90300000,7371,Services-Computer Programming Services,software,,
VRT,1674101,Vertiv Holdings Co,384988173,3679,"Electronic Components, NEC",software,,
VRTS,883237,"VIRTUS INVESTMENT PARTNERS, INC.",6622690,6282,Investment Advice,consumer,,
VRTX,875320,VERTEX PHARMACEUTICALS INC / MA,253460924,2834,Pharmaceutical Preparations,healthcare,,
VSH,103730,VISHAY INTERTECHNOLOGY INC,131143534,3670,Electronic Components & Accessories,software,,
VSTM,1526119,"Verastem, Inc.",90563441,2834,Pharmaceutical Preparations,healthcare,,
VTGN,1411685,"Vistagen Therapeutics, Inc.",44376911,2834,Pharmaceutical Preparations,healthcare,,
VTOL,1525221,Bristow Group Inc.,29642000,4522,"Air Transportation, Nonscheduled",industrials,,
VTSI,1085243,"VirTra, Inc",11319624,3990,Miscellaneous Manufacturing Industries,industrials,,
VTVT,1641489,vTv Therapeutics Inc.,0,2834,Pharmaceutical Preparations,healthcare,,
VUZI,1463972,Vuzix Corp,84414230,3663,Radio & Tv Broadcasting & Communications Equipment,software,,
VVV,1674910,VALVOLINE INC,127586418,2990,Miscellaneous Products of  Petroleum & Coal,energy,,
W,1616707,Wayfair Inc.,0,5961,Retail-Catalog & Mail-Order Houses,consumer,,
WAB,943452,WESTINGHOUSE AIR BRAKE TECHNOLOGIES CORP,168910851,3743,Railroad Equipment,industrials,,
WABC,311094,WESTAMERICA BANCORPORATION,23111153,6021,National Commercial Banks,financials,,
WAFD,936528,WAFD INC,73995238,6021,National Commercial Banks,financials,,
WAL,1212545,WESTERN ALLIANCE BANCORPORATION,109100864,6022,State Commercial Banks,financials,,
WASH,737468,WASHINGTON TRUST BANCORP INC,19074321,6022,State Commercial Banks,financials,,
WAT,1000697,WATERS CORP /DE/,98248111,3826,Laboratory Analytical Instruments,software,,
WATT,1575793,Energous Corp,5527071,3663,Radio & Tv Broadcasting & Communications Equipment,software,,
WBD,1437107,"Warner Bros. Discovery, Inc.",2510703314,4841,Cable & Other Pay Television Services,software,,
WCC,929008,WESCO INTERNATIONAL INC,48732854,5063,"Wholesale-Electrical Apparatus & Equipment, Wiring Supplies ",industrials,,
WD,1497770,"Walker & Dunlop, Inc.",34325745,6199,Finance Services,consumer,,
WDAY,1327811,"Workday, Inc.",220000000,7374,Services-Computer Processing & Data Preparation,software,,
WDC,106040,WESTERN DIGITAL CORP,360540944,3572,Computer Storage Devices,software,,
WDFC,105132,WD 40 CO,13421096,2890,Miscellaneous Chemical Products,industrials,,
WEN,30697,Wendy's Co,190669930,5810,Retail-Eating & Drinking Places,consumer,,
WERN,793074,WERNER ENTERPRISES INC,59977156,4213,Trucking (No Local),industrials,,
WEYS,106532,WEYCO GROUP INC,9550983,5130,"Wholesale-Apparel, Piece Goods & Notions",industrials,,
WFC,72971,WELLS FARGO & COMPANY/MN,3023999336,6021,National Commercial Banks,financials,,
WFCF,1360565,"Where Food Comes From, Inc.",4979663,7372,Services-Prepackaged Software,software,,
WFRD,1603923,Weatherford International plc,71685443,3533,Oil & Gas Field Machinery & Equipment,industrials,,
WGO,107687,WINNEBAGO INDUSTRIES INC,28268893,3716,Motor Homes,industrials,,
WH,1722684,"WYNDHAM HOTELS & RESORTS, INC.",74211122,7011,Hotels & Motels,consumer,,
WHD,1699136,"Cactus, Inc.",0,3533,Oil & Gas Field Machinery & Equipment,industrials,,
WHG,1165002,WESTWOOD HOLDINGS GROUP INC,9484473,6282,Investment Advice,consumer,,
WHR,106640,WHIRLPOOL CORP /DE/,65199378,3630,Household Appliances,industrials,,
WHWK,1422142,"Whitehawk Therapeutics, Inc.",57009010,2834,Pharmaceutical Preparations,healthcare,,
WINA,908315,WINMARK CORP,3592169,5900,Retail-Miscellaneous Retail,consumer,,
WING,1636222,Wingstop Inc.,27242546,5812,Retail-Eating  Places,consumer,,
WK,1445305,WORKIVA INC,0,7372,Services-Prepackaged Software,software,,
WKC,789460,WORLD KINECT CORP,51151620,5172,Wholesale-Petroleum & Petroleum Products (No Bulk Stations),industrials,,
WKHS,1425287,Workhorse Group Inc.,10928585,3711,Motor Vehicles & Passenger Car Bodies,industrials,,
WKSP,1096275,Worksport Ltd,15298333,3714,Motor Vehicle Parts & Accessories,industrials,,
WLFC,1018164,WILLIS LEASE FINANCE CORP,21144111,5080,"Wholesale-Machinery, Equipment & Supplies",industrials,,
WLK,1262823,WESTLAKE CORP,127796548,2860,Industrial Organic Chemicals,industrials,,
WLKP,1604665,Westlake Chemical Partners LP,35245879,2860,Industrial Organic Chemicals,industrials,,
WLY,107140,"JOHN WILEY & SONS, INC.",60884591,2731,Books: Publishing or  Publishing & Printing,software,,
WMK,105418,WEIS MARKETS INC,24744597,5411,Retail-Grocery Stores,consumer,,
WMS,1604028,"ADVANCED DRAINAGE SYSTEMS, INC.",75405342,3086,Plastics Foam Products,industrials,,
WMT,104169,Walmart Inc.,7933746241,5331,Retail-Variety Stores,consumer,,
WNC,879526,WABASH NATIONAL Corp,40673967,3715,Truck Trailers,industrials,,
WNEB,1157647,"Western New England Bancorp, Inc.",20045872,6035,"Savings Institution, Federally Chartered",financials,,
WOLF,895419,"WOLFSPEED, INC.",52995396,3674,Semiconductors & Related Devices,software,,
WOR,108516,"WORTHINGTON ENTERPRISES, INC.",48934416,3310,"Steel Works, Blast Furnaces & Rolling & Finishing Mills",industrials,,
WRB,11544,BERKLEY W R CORP,371227529,6331,"Fire, Marine & Casualty Insurance",financials,,
WRLD,108385,WORLD ACCEPTANCE CORP,4663180,6141,Personal Credit Institutions,financials,,
WSBC,203596,WESBANCO INC,95905889,6021,National Commercial Banks,financials,,
WSBF,1569994,"Waterstone Financial, Inc.",17977028,6035,"Savings Institution, Federally Chartered",financials,,
WSFS,828944,WSFS FINANCIAL CORP,51090605,6021,National Commercial Banks,financials,,
WSM,719955,WILLIAMS SONOMA INC,117779173,5700,"Retail-Home Furniture, Furnishings & Equipment Stores",consumer,,
WSO,105016,WATSCO INC,0,5070,Wholesale-Hardware & Plumbing & Heating Equipment & Supplies,industrials,,
WST,105770,WEST PHARMACEUTICAL SERVICES INC,70375762,3841,Surgical & Medical Instruments & Apparatus,healthcare,,
WT,880631,"WisdomTree, Inc.",151512111,6211,"Security Brokers, Dealers & Flotation Companies",consumer,,
WTBA,1166928,WEST BANCORPORATION INC,17043743,6022,State Commercial Banks,financials,,
WTFC,1015328,WINTRUST FINANCIAL CORP,67465967,6022,State Commercial Banks,financials,,
WTI,1288403,W&T OFFSHORE INC,150942952,1311,Crude Petroleum & Natural Gas,energy,,
WTM,776867,WHITE MOUNTAINS INSURANCE GROUP LTD,2386721,6331,"Fire, Marine & Casualty Insurance",financials,,
WTS,795403,WATTS WATER TECHNOLOGIES INC,0,3490,Miscellaneous Fabricated Metal Products,industrials,,
WTTR,1693256,"Select Water Solutions, Inc.",0,1389,"Oil & Gas Field Services, NEC",energy,,
WTW,1140536,WILLIS TOWERS WATSON PLC,92871937,6411,"Insurance Agents, Brokers & Service",consumer,,
WULF,1083301,TERAWULF INC.,498968677,6199,Finance Services,consumer,,
WVE,1631574,"Wave Life Sciences, Inc.",197048175,2834,Pharmaceutical Preparations,healthcare,,
WVVI,838875,WILLAMETTE VALLEY VINEYARDS INC,4979529,2080,Beverages,consumer,,
WWD,108312,"Woodward, Inc.",59045820,3620,Electrical Industrial Apparatus,industrials,,
WWR,839470,"WESTWATER RESOURCES, INC.",128564833,1000,Metal Mining,industrials,,
WWW,110471,WOLVERINE WORLD WIDE INC /DE/,82066339,3140,"Footwear, (No Rubber)",consumer,,
WYNN,1174922,WYNN RESORTS LTD,102973891,7011,Hotels & Motels,consumer,,
WYY,1034760,WIDEPOINT CORP,9998255,7373,Services-Computer Integrated Systems Design,software,,
XAIR,1641631,"Beyond Air, Inc.",957631,3841,Surgical & Medical Instruments & Apparatus,healthcare,,
XBIO,1534525,"Xenetic Biosciences, Inc.",2343181,2834,Pharmaceutical Preparations,healthcare,,
XBIT,1626878,XBiotech Inc.,30487731,2834,Pharmaceutical Preparations,healthcare,,
XCUR,1698530,"EXICURE, INC.",6545995,2834,Pharmaceutical Preparations,healthcare,,
XELB,1083220,"XCel Brands, Inc.",6560274,6794,Patent Owners & Lessors,financials,,
XENE,1582313,Xenon Pharmaceuticals Inc.,96840432,2834,Pharmaceutical Preparations,healthcare,,
XHR,1616000,"Xenia Hotels & Resorts, Inc.",92245835,7011,Hotels & Motels,consumer,,
XMAX,1473334,XMax Inc.,64523426,2510,Household Furniture,industrials,,
XNCR,1326732,Xencor Inc,74353397,2834,Pharmaceutical Preparations,healthcare,,
XPL,917225,SOLITARIO RESOURCES CORP.,94684463,1040,Gold and Silver Ores,industrials,,
XPO,1166003,"XPO, Inc.",117086465,4700,Transportation Services,industrials,,
XRAY,818479,DENTSPLY SIRONA Inc.,199353876,3843,Dental Equipment & Supplies,healthcare,,
XTIA,1529113,"XTI Aerospace, Inc.",38477789,7371,Services-Computer Programming Services,software,,
XTNT,1453593,"Xtant Medical Holdings, Inc.",140287960,3841,Surgical & Medical Instruments & Apparatus,healthcare,,
XXII,1347858,"22nd Century Group, Inc.",713994,2111,Cigarettes,consumer,,
XYL,1524472,Xylem Inc.,233486812,3561,Pumps & Pumping Equipment,industrials,,
YARW,1566044,"Yarrow Bioscience, Inc.",2669746,2834,Pharmaceutical Preparations,healthcare,,
YCBD,1644903,"cbdMD, Inc.",11205045,2844,"Perfumes, Cosmetics & Other Toilet Preparations",consumer,,
YETI,1670592,"YETI Holdings, Inc.",72988796,3949,"Sporting & Athletic Goods, NEC",industrials,,
YEXT,1614178,"Yext, Inc.",98978704,7374,Services-Computer Processing & Data Preparation,software,,
YHGJ,1042187,YUNHONG GREEN CTI LTD.,2609244,3060,"Fabricated Rubber Products, NEC",industrials,,
YUM,1041061,YUM BRANDS INC,272901085,5812,Retail-Eating  Places,consumer,,
YUMC,1673358,"Yum China Holdings, Inc.",342458136,5812,Retail-Eating  Places,consumer,,
ZBH,1136869,"ZIMMER BIOMET HOLDINGS, INC.",190737689,3842,"Orthopedic, Prosthetic & Surgical Appliances & Supplies",healthcare,,
ZBRA,877212,ZEBRA TECHNOLOGIES CORP,47310660,3560,General Industrial Machinery & Equipment,industrials,,
ZDGE,1667313,"Zedge, Inc.",524775,7372,Services-Prepackaged Software,software,,
ZION,109380,"ZIONS BANCORPORATION, NATIONAL ASSOCIATION /UT/",145953355,6021,National Commercial Banks,financials,,
ZS,1713683,"Zscaler, Inc.",163054698,7371,Services-Computer Programming Services,software,,
ZTS,1555280,Zoetis Inc.,413223602,2834,Pharmaceutical Preparations,healthcare,,
ZUMZ,1318008,Zumiez Inc,16872215,5600,Retail-Apparel & Accessory Stores,consumer,,
ZVRA,1434647,"ZEVRA THERAPEUTICS, INC.",59383781,2834,Pharmaceutical Preparations,healthcare,,
ZWS,1439288,Zurn Elkay Water Solutions Corp,166871913,3560,General Industrial Machinery & Equipment,industrials,,
